account,payee,added_timestamp
ACC-G0009,ACC-G0150,2023-11-13T00:00:00
ACC-G0056,ACC-G0059,2023-11-14T00:00:00
ACC-G0051,ACC-G0113,2023-11-15T00:00:00
ACC-G0202,ACC-G0041,2023-11-15T00:00:00
ACC-G0023,ACC-G0158,2023-11-16T00:00:00
ACC-G0182,ACC-G0167,2023-11-17T00:00:00
ACC-G0131,ACC-G0102,2023-11-18T00:00:00
ACC-G0075,ACC-G0174,2023-11-19T00:00:00
ACC-G0067,ACC-G0201,2023-11-20T00:00:00
ACC-G0057,ACC-G0014,2023-11-21T00:00:00
ACC-G0082,ACC-G0202,2023-11-24T00:00:00
ACC-G0003,ACC-G0161,2023-11-25T00:00:00
ACC-G0030,ACC-G0142,2023-11-25T00:00:00
ACC-G0108,ACC-G0180,2023-11-25T00:00:00
ACC-G0027,ACC-G0143,2023-11-26T00:00:00
ACC-G0010,ACC-G0038,2023-11-27T00:00:00
ACC-G0018,ACC-G0152,2023-11-27T00:00:00
ACC-G0080,ACC-G0191,2023-11-27T00:00:00
ACC-G0165,ACC-G0132,2023-11-27T00:00:00
ACC-G0021,ACC-G0157,2023-11-28T00:00:00
ACC-G0105,ACC-G0187,2023-11-30T00:00:00
ACC-G0196,ACC-G0147,2023-12-02T00:00:00
ACC-G0080,ACC-G0051,2023-12-05T00:00:00
ACC-G0122,ACC-G0111,2023-12-06T00:00:00
ACC-G0166,ACC-G0129,2023-12-07T00:00:00
ACC-G0196,ACC-G0027,2023-12-07T00:00:00
ACC-G0091,ACC-G0103,2023-12-08T00:00:00
ACC-F004,ACC-G0036,2023-12-12T00:00:00
ACC-G0130,ACC-G0067,2023-12-13T00:00:00
ACC-G0059,ACC-G0027,2023-12-15T00:00:00
ACC-G0059,ACC-G0184,2023-12-15T00:00:00
ACC-F003,ACC-G0197,2023-12-16T00:00:00
ACC-G0074,ACC-G0019,2023-12-18T00:00:00
ACC-G0035,ACC-G0137,2023-12-19T00:00:00
ACC-G0184,ACC-G0102,2023-12-19T00:00:00
ACC-F002,ACC-G0184,2023-12-20T00:00:00
ACC-G0042,ACC-G0106,2023-12-21T00:00:00
ACC-G0190,ACC-G0107,2023-12-22T00:00:00
ACC-G0201,ACC-G0067,2023-12-23T00:00:00
ACC-G0181,ACC-G0128,2023-12-27T00:00:00
ACC-G0188,ACC-G0017,2023-12-27T00:00:00
ACC-G0021,ACC-G0146,2023-12-28T00:00:00
ACC-G0209,ACC-G0086,2023-12-28T00:00:00
ACC-G0009,ACC-G0080,2023-12-29T00:00:00
ACC-G0048,ACC-G0158,2023-12-29T00:00:00
ACC-G0072,ACC-G0043,2023-12-29T00:00:00
ACC-G0019,ACC-G0119,2023-12-31T00:00:00
ACC-G0054,ACC-G0042,2024-01-01T00:00:00
ACC-G0119,ACC-G0110,2024-01-02T00:00:00
ACC-G0175,ACC-G0067,2024-01-03T00:00:00
ACC-G0102,ACC-G0184,2024-01-05T00:00:00
ACC-G0148,ACC-G0205,2024-01-05T00:00:00
ACC-G0118,ACC-G0141,2024-01-07T00:00:00
ACC-G0123,ACC-G0063,2024-01-08T00:00:00
ACC-G0035,ACC-G0004,2024-01-09T00:00:00
ACC-G0167,ACC-G0198,2024-01-09T00:00:00
ACC-G0066,ACC-G0175,2024-01-10T00:00:00
ACC-G0142,ACC-G0030,2024-01-10T00:00:00
ACC-G0187,ACC-G0112,2024-01-10T00:00:00
ACC-G0039,ACC-G0107,2024-01-15T00:00:00
ACC-F006,ACC-G0124,2024-01-19T00:00:00
ACC-G0061,ACC-G0109,2024-01-20T00:00:00
ACC-G0136,ACC-G0196,2024-01-20T00:00:00
ACC-G0027,ACC-G0196,2024-01-23T00:00:00
ACC-G0144,ACC-G0074,2024-01-23T00:00:00
ACC-G0097,ACC-G0044,2024-01-26T00:00:00
ACC-G0157,ACC-G0075,2024-01-29T00:00:00
ACC-G0020,ACC-G0157,2024-01-30T00:00:00
ACC-G0167,ACC-G0182,2024-02-01T00:00:00
ACC-G0069,ACC-G0014,2024-02-02T00:00:00
ACC-G0123,ACC-G0013,2024-02-03T00:00:00
ACC-G0065,ACC-G0135,2024-02-04T00:00:00
ACC-G0149,ACC-G0150,2024-02-07T00:00:00
ACC-G0006,ACC-G0142,2024-02-09T00:00:00
ACC-G0170,ACC-G0032,2024-02-09T00:00:00
ACC-P002,ACC-G0195,2024-02-10T00:00:00
ACC-G0157,ACC-G0129,2024-02-14T00:00:00
ACC-G0004,ACC-G0189,2024-02-15T00:00:00
ACC-G0121,ACC-G0207,2024-02-16T00:00:00
ACC-G0085,ACC-P001,2024-02-17T00:00:00
ACC-G0182,ACC-G0088,2024-02-17T00:00:00
ACC-G0041,ACC-G0201,2024-02-19T00:00:00
ACC-G0054,ACC-F006,2024-02-19T00:00:00
ACC-G0086,ACC-G0061,2024-02-19T00:00:00
ACC-G0154,ACC-G0093,2024-02-19T00:00:00
ACC-G0073,ACC-G0047,2024-02-20T00:00:00
ACC-G0143,ACC-G0165,2024-02-22T00:00:00
ACC-G0048,ACC-G0116,2024-02-27T00:00:00
ACC-G0010,ACC-G0037,2024-02-29T00:00:00
ACC-G0044,ACC-G0097,2024-02-29T00:00:00
ACC-F006,ACC-G0194,2024-03-02T00:00:00
ACC-G0067,ACC-G0071,2024-03-04T00:00:00
ACC-G0080,ACC-G0009,2024-03-05T00:00:00
ACC-G0102,ACC-G0131,2024-03-09T00:00:00
ACC-G0076,ACC-G0016,2024-03-12T00:00:00
ACC-G0157,ACC-G0012,2024-03-12T00:00:00
ACC-G0140,ACC-G0006,2024-03-13T00:00:00
ACC-G0157,ACC-G0208,2024-03-15T00:00:00
ACC-G0003,ACC-G0055,2024-03-16T00:00:00
ACC-G0051,ACC-G0157,2024-03-16T00:00:00
ACC-G0124,ACC-G0139,2024-03-17T00:00:00
ACC-G0082,ACC-G0015,2024-03-21T00:00:00
ACC-G0060,ACC-G0082,2024-03-23T00:00:00
ACC-G0001,ACC-G0122,2024-03-25T00:00:00
ACC-G0130,ACC-G0096,2024-03-25T00:00:00
ACC-G0137,ACC-G0026,2024-03-26T00:00:00
ACC-G0205,ACC-G0036,2024-03-27T00:00:00
ACC-F001,ACC-G0130,2024-03-28T00:00:00
ACC-G0082,ACC-G0099,2024-03-29T00:00:00
ACC-G0132,ACC-G0140,2024-04-01T00:00:00
ACC-G0146,ACC-G0021,2024-04-01T00:00:00
ACC-G0093,ACC-G0154,2024-04-02T00:00:00
ACC-G0095,ACC-G0061,2024-04-03T00:00:00
ACC-G0044,ACC-G0003,2024-04-05T00:00:00
ACC-G0044,ACC-G0034,2024-04-05T00:00:00
ACC-G0124,ACC-G0172,2024-04-06T00:00:00
ACC-G0194,ACC-G0027,2024-04-06T00:00:00
ACC-G0050,ACC-G0201,2024-04-07T00:00:00
ACC-G0159,ACC-G0116,2024-04-07T00:00:00
ACC-G0206,ACC-G0086,2024-04-07T00:00:00
ACC-G0033,ACC-G0181,2024-04-08T00:00:00
ACC-G0117,ACC-G0092,2024-04-08T00:00:00
ACC-G0134,ACC-G0128,2024-04-08T00:00:00
ACC-G0141,ACC-G0178,2024-04-10T00:00:00
ACC-G0111,ACC-G0122,2024-04-12T00:00:00
ACC-G0206,ACC-G0203,2024-04-12T00:00:00
ACC-G0038,ACC-G0010,2024-04-13T00:00:00
ACC-G0130,ACC-G0181,2024-04-13T00:00:00
ACC-G0087,ACC-G0197,2024-04-14T00:00:00
ACC-G0193,ACC-G0158,2024-04-14T00:00:00
ACC-G0026,ACC-G0063,2024-04-16T00:00:00
ACC-G0008,ACC-G0158,2024-04-18T00:00:00
ACC-G0146,ACC-G0178,2024-04-18T00:00:00
ACC-G0119,ACC-G0091,2024-04-19T00:00:00
ACC-G0105,ACC-G0185,2024-04-20T00:00:00
ACC-G0121,ACC-G0053,2024-04-22T00:00:00
ACC-G0003,ACC-G0027,2024-04-23T00:00:00
ACC-G0158,ACC-G0155,2024-04-30T00:00:00
ACC-G0059,ACC-G0175,2024-05-02T00:00:00
ACC-G0128,ACC-G0179,2024-05-02T00:00:00
ACC-G0170,ACC-G0124,2024-05-02T00:00:00
ACC-G0189,ACC-G0126,2024-05-02T00:00:00
ACC-F002,ACC-G0135,2024-05-03T00:00:00
ACC-G0103,ACC-G0150,2024-05-04T00:00:00
ACC-G0147,ACC-G0035,2024-05-11T00:00:00
ACC-G0034,ACC-G0044,2024-05-13T00:00:00
ACC-G0060,ACC-G0046,2024-05-16T00:00:00
ACC-G0196,ACC-G0004,2024-05-17T00:00:00
ACC-G0008,ACC-G0027,2024-05-18T00:00:00
ACC-G0108,ACC-G0104,2024-05-18T00:00:00
ACC-G0152,ACC-G0018,2024-05-19T00:00:00
ACC-G0025,ACC-G0032,2024-05-20T00:00:00
ACC-G0150,ACC-G0009,2024-05-21T00:00:00
ACC-G0096,ACC-G0210,2024-05-22T00:00:00
ACC-G0109,ACC-G0203,2024-05-22T00:00:00
ACC-G0081,ACC-G0144,2024-05-24T00:00:00
ACC-F002,ACC-G0005,2024-05-25T00:00:00
ACC-G0201,ACC-G0050,2024-05-26T00:00:00
ACC-G0143,ACC-G0196,2024-05-27T00:00:00
ACC-G0057,ACC-G0204,2024-05-31T00:00:00
ACC-G0134,ACC-G0017,2024-06-05T00:00:00
ACC-G0157,ACC-G0109,2024-06-06T00:00:00
ACC-G0070,ACC-G0078,2024-06-07T00:00:00
ACC-G0107,ACC-G0051,2024-06-07T00:00:00
ACC-G0107,ACC-G0039,2024-06-08T00:00:00
ACC-G0166,ACC-G0162,2024-06-08T00:00:00
ACC-G0003,ACC-G0130,2024-06-10T00:00:00
ACC-G0139,ACC-G0031,2024-06-12T00:00:00
ACC-G0208,ACC-G0168,2024-06-12T00:00:00
ACC-G0197,ACC-G0087,2024-06-13T00:00:00
ACC-G0016,ACC-G0127,2024-06-15T00:00:00
ACC-G0084,ACC-G0149,2024-06-16T00:00:00
ACC-G0122,ACC-G0083,2024-06-16T00:00:00
ACC-G0001,ACC-G0011,2024-06-17T00:00:00
ACC-G0176,ACC-G0102,2024-06-19T00:00:00
ACC-G0148,ACC-G0064,2024-06-20T00:00:00
ACC-G0061,ACC-G0163,2024-06-22T00:00:00
ACC-G0095,ACC-G0051,2024-06-25T00:00:00
ACC-G0043,ACC-G0072,2024-06-27T00:00:00
ACC-G0114,ACC-G0046,2024-06-28T00:00:00
ACC-G0087,ACC-G0003,2024-06-29T00:00:00
ACC-G0186,ACC-G0032,2024-07-03T00:00:00
ACC-G0084,ACC-G0156,2024-07-04T00:00:00
ACC-G0155,ACC-G0177,2024-07-05T00:00:00
ACC-G0091,ACC-G0119,2024-07-07T00:00:00
ACC-G0095,ACC-G0133,2024-07-07T00:00:00
ACC-G0078,ACC-G0010,2024-07-09T00:00:00
ACC-G0007,ACC-G0102,2024-07-12T00:00:00
ACC-G0157,ACC-G0135,2024-07-12T00:00:00
ACC-G0196,ACC-G0121,2024-07-13T00:00:00
ACC-G0108,ACC-F005,2024-07-14T00:00:00
ACC-G0152,ACC-G0157,2024-07-16T00:00:00
ACC-G0194,ACC-F006,2024-07-16T00:00:00
ACC-G0054,ACC-G0027,2024-07-19T00:00:00
ACC-G0144,ACC-G0027,2024-07-19T00:00:00
ACC-G0168,ACC-G0025,2024-07-20T00:00:00
ACC-G0008,ACC-G0034,2024-07-22T00:00:00
ACC-G0129,ACC-G0166,2024-07-22T00:00:00
ACC-G0006,ACC-G0140,2024-07-23T00:00:00
ACC-G0017,ACC-G0195,2024-07-23T00:00:00
ACC-G0152,ACC-G0028,2024-07-24T00:00:00
ACC-G0157,ACC-G0020,2024-07-25T00:00:00
ACC-G0180,ACC-G0197,2024-07-26T00:00:00
ACC-G0007,ACC-G0144,2024-07-27T00:00:00
ACC-F001,ACC-G0163,2024-07-28T00:00:00
ACC-G0061,ACC-G0095,2024-07-28T00:00:00
ACC-G0140,ACC-G0132,2024-07-28T00:00:00
ACC-G0052,ACC-G0134,2024-08-04T00:00:00
ACC-G0202,ACC-G0106,2024-08-04T00:00:00
ACC-P001,ACC-G0024,2024-08-04T00:00:00
ACC-G0189,ACC-G0029,2024-08-05T00:00:00
ACC-G0191,ACC-G0059,2024-08-05T00:00:00
ACC-G0131,ACC-G0156,2024-08-08T00:00:00
ACC-G0158,ACC-G0151,2024-08-09T00:00:00
ACC-G0022,ACC-G0015,2024-08-10T00:00:00
ACC-G0097,ACC-G0003,2024-08-10T00:00:00
ACC-G0012,ACC-G0086,2024-08-14T00:00:00
ACC-G0033,ACC-G0160,2024-08-15T00:00:00
ACC-G0113,ACC-G0169,2024-08-15T00:00:00
ACC-G0123,ACC-G0095,2024-08-17T00:00:00
ACC-G0092,ACC-G0032,2024-08-20T00:00:00
ACC-G0115,ACC-G0122,2024-08-20T00:00:00
ACC-G0105,ACC-G0205,2024-08-21T00:00:00
ACC-G0131,ACC-G0084,2024-08-21T00:00:00
ACC-G0002,ACC-G0041,2024-08-22T00:00:00
ACC-G0113,ACC-G0158,2024-08-22T00:00:00
ACC-G0180,ACC-G0166,2024-08-22T00:00:00
ACC-G0140,ACC-G0138,2024-08-26T00:00:00
ACC-G0184,ACC-G0103,2024-08-26T00:00:00
ACC-G0205,ACC-G0148,2024-08-26T00:00:00
ACC-G0111,ACC-G0065,2024-08-28T00:00:00
ACC-G0175,ACC-G0077,2024-08-28T00:00:00
ACC-G0016,ACC-G0049,2024-08-29T00:00:00
ACC-G0143,ACC-G0027,2024-08-30T00:00:00
ACC-G0077,ACC-G0175,2024-09-02T00:00:00
ACC-G0205,ACC-G0105,2024-09-02T00:00:00
ACC-G0027,ACC-G0144,2024-09-04T00:00:00
ACC-G0079,ACC-G0087,2024-09-05T00:00:00
ACC-G0159,ACC-G0089,2024-09-05T00:00:00
ACC-G0164,ACC-G0134,2024-09-05T00:00:00
ACC-G0134,ACC-G0030,2024-09-06T00:00:00
ACC-G0068,ACC-G0025,2024-09-07T00:00:00
ACC-G0182,ACC-G0169,2024-09-08T00:00:00
ACC-G0094,ACC-G0109,2024-09-09T00:00:00
ACC-G0119,ACC-G0196,2024-09-11T00:00:00
ACC-G0130,ACC-G0003,2024-09-11T00:00:00
ACC-G0004,ACC-G0110,2024-09-14T00:00:00
ACC-G0105,ACC-G0103,2024-09-17T00:00:00
ACC-G0196,ACC-G0143,2024-09-17T00:00:00
ACC-G0014,ACC-G0069,2024-09-18T00:00:00
ACC-G0044,ACC-G0208,2024-09-19T00:00:00
ACC-G0112,ACC-F005,2024-09-24T00:00:00
ACC-G0074,ACC-G0121,2024-09-25T00:00:00
ACC-G0150,ACC-G0103,2024-09-26T00:00:00
ACC-F005,ACC-G0079,2024-09-27T00:00:00
ACC-G0089,ACC-G0159,2024-09-27T00:00:00
ACC-G0145,ACC-G0114,2024-09-27T00:00:00
ACC-G0194,ACC-G0123,2024-09-27T00:00:00
ACC-G0186,ACC-G0026,2024-09-28T00:00:00
ACC-G0126,ACC-G0060,2024-09-30T00:00:00
ACC-G0127,ACC-G0177,2024-09-30T00:00:00
ACC-G0022,ACC-G0100,2024-10-03T00:00:00
ACC-G0206,ACC-G0166,2024-10-04T00:00:00
ACC-G0157,ACC-F003,2024-10-06T00:00:00
ACC-G0136,ACC-G0171,2024-10-07T00:00:00
ACC-G0066,ACC-G0205,2024-10-09T00:00:00
ACC-G0166,ACC-G0189,2024-10-12T00:00:00
ACC-G0041,ACC-G0002,2024-10-13T00:00:00
ACC-G0107,ACC-G0005,2024-10-13T00:00:00
ACC-G0108,ACC-G0206,2024-10-14T00:00:00
ACC-G0041,ACC-G0202,2024-10-16T00:00:00
ACC-G0027,ACC-G0180,2024-10-17T00:00:00
ACC-G0113,ACC-G0051,2024-10-17T00:00:00
ACC-G0059,ACC-G0191,2024-10-18T00:00:00
ACC-G0127,ACC-G0016,2024-10-28T00:00:00
ACC-G0149,ACC-G0076,2024-10-28T00:00:00
ACC-G0172,ACC-G0124,2024-10-29T00:00:00
ACC-G0183,ACC-G0029,2024-10-29T00:00:00
ACC-G0103,ACC-G0087,2024-10-30T00:00:00
ACC-G0075,ACC-G0150,2024-11-06T00:00:00
ACC-G0159,ACC-G0102,2024-11-06T00:00:00
ACC-G0175,ACC-G0177,2024-11-07T00:00:00
ACC-G0066,ACC-G0134,2024-11-08T00:00:00
ACC-G0156,ACC-G0084,2024-11-08T00:00:00
ACC-G0204,ACC-G0194,2024-11-08T00:00:00
ACC-G0023,ACC-G0064,2024-11-11T00:00:00
ACC-G0034,ACC-G0009,2024-11-11T00:00:00
ACC-G0105,ACC-G0048,2024-11-11T00:00:00
ACC-G0157,ACC-G0084,2024-11-11T00:00:00
ACC-G0080,ACC-G0140,2024-11-15T00:00:00
ACC-G0178,ACC-G0197,2024-11-15T00:00:00
ACC-G0027,ACC-G0194,2024-11-18T00:00:00
ACC-G0004,ACC-G0036,2024-11-19T00:00:00
ACC-G0002,ACC-G0022,2024-11-20T00:00:00
ACC-G0086,ACC-G0206,2024-11-20T00:00:00
ACC-F005,ACC-G0108,2024-11-23T00:00:00
ACC-G0200,ACC-G0035,2024-11-26T00:00:00
ACC-G0092,ACC-G0134,2024-11-29T00:00:00
ACC-G0125,ACC-G0044,2024-11-30T00:00:00
ACC-G0044,ACC-G0158,2024-12-02T00:00:00
ACC-G0163,ACC-F001,2024-12-05T00:00:00
ACC-G0011,ACC-G0003,2024-12-10T00:00:00
ACC-G0131,ACC-G0038,2024-12-11T00:00:00
ACC-G0049,ACC-G0040,2024-12-16T00:00:00
ACC-G0133,ACC-G0095,2024-12-16T00:00:00
ACC-G0063,ACC-G0026,2024-12-18T00:00:00
ACC-G0059,ACC-G0056,2024-12-20T00:00:00
ACC-F006,ACC-G0200,2024-12-22T00:00:00
ACC-G0183,ACC-G0196,2024-12-22T00:00:00
ACC-G0145,ACC-G0174,2024-12-25T00:00:00
ACC-G0164,ACC-G0014,2024-12-25T00:00:00
ACC-G0030,ACC-G0134,2024-12-28T00:00:00
ACC-G0069,ACC-G0196,2024-12-29T00:00:00
ACC-P001,ACC-G0143,2024-12-29T00:00:00
ACC-G0050,ACC-G0060,2024-12-31T00:00:00
ACC-G0184,ACC-G0059,2025-01-01T00:00:00
ACC-G0103,ACC-G0025,2025-01-03T00:00:00
ACC-G0180,ACC-G0059,2025-01-05T00:00:00
ACC-F005,ACC-G0040,2025-01-06T00:00:00
ACC-G0051,ACC-G0107,2025-01-06T00:00:00
ACC-G0182,ACC-G0108,2025-01-07T00:00:00
ACC-F003,ACC-G0087,2025-01-08T00:00:00
ACC-G0134,ACC-G0138,2025-01-08T00:00:00
ACC-G0148,ACC-G0086,2025-01-08T00:00:00
ACC-G0134,ACC-G0033,2025-01-10T00:00:00
ACC-G0032,ACC-G0025,2025-01-12T00:00:00
ACC-G0010,ACC-G0180,2025-01-14T00:00:00
ACC-G0173,ACC-G0045,2025-01-14T00:00:00
ACC-G0120,ACC-G0081,2025-01-15T00:00:00
ACC-G0140,ACC-G0113,2025-01-15T00:00:00
ACC-G0116,ACC-G0159,2025-01-16T00:00:00
ACC-G0003,ACC-G0097,2025-01-20T00:00:00
ACC-G0034,ACC-G0008,2025-01-25T00:00:00
ACC-G0180,ACC-G0010,2025-01-25T00:00:00
ACC-G0151,ACC-G0017,2025-01-27T00:00:00
ACC-G0108,ACC-G0182,2025-02-01T00:00:00
ACC-G0157,ACC-G0168,2025-02-02T00:00:00
ACC-G0042,ACC-G0054,2025-02-03T00:00:00
ACC-G0127,ACC-G0112,2025-02-03T00:00:00
ACC-G0158,ACC-G0065,2025-02-08T00:00:00
ACC-G0076,ACC-G0149,2025-02-09T00:00:00
ACC-G0092,ACC-G0083,2025-02-10T00:00:00
ACC-G0056,ACC-G0097,2025-02-11T00:00:00
ACC-G0158,ACC-G0113,2025-02-12T00:00:00
ACC-G0198,ACC-G0167,2025-02-12T00:00:00
ACC-G0160,ACC-G0209,2025-02-14T00:00:00
ACC-G0210,ACC-G0072,2025-02-15T00:00:00
ACC-G0046,ACC-G0114,2025-02-16T00:00:00
ACC-G0106,ACC-G0042,2025-02-17T00:00:00
ACC-G0090,ACC-G0129,2025-02-18T00:00:00
ACC-G0029,ACC-G0102,2025-02-19T00:00:00
ACC-G0143,ACC-G0068,2025-02-20T00:00:00
ACC-G0137,ACC-G0035,2025-02-22T00:00:00
ACC-G0207,ACC-G0054,2025-02-22T00:00:00
ACC-G0196,ACC-G0182,2025-02-27T00:00:00
ACC-G0122,ACC-G0115,2025-03-01T00:00:00
ACC-G0158,ACC-G0164,2025-03-01T00:00:00
ACC-G0123,ACC-G0102,2025-03-03T00:00:00
ACC-G0114,ACC-G0173,2025-03-04T00:00:00
ACC-G0040,ACC-G0028,2025-03-06T00:00:00
ACC-G0086,ACC-G0107,2025-03-06T00:00:00
ACC-G0003,ACC-G0135,2025-03-07T00:00:00
ACC-G0158,ACC-G0008,2025-03-07T00:00:00
ACC-G0027,ACC-G0054,2025-03-13T00:00:00
ACC-G0166,ACC-G0180,2025-03-14T00:00:00
ACC-G0176,ACC-G0140,2025-03-14T00:00:00
ACC-G0124,ACC-G0170,2025-03-15T00:00:00
ACC-G0120,ACC-G0102,2025-03-18T00:00:00
ACC-G0192,ACC-G0197,2025-03-23T00:00:00
ACC-G0102,ACC-G0120,2025-03-24T00:00:00
ACC-G0119,ACC-G0019,2025-03-25T00:00:00
ACC-G0008,ACC-G0011,2025-03-26T00:00:00
ACC-G0086,ACC-G0148,2025-03-27T00:00:00
ACC-G0160,ACC-G0033,2025-03-28T00:00:00
ACC-G0058,ACC-G0127,2025-03-30T00:00:00
ACC-G0028,ACC-G0199,2025-03-31T00:00:00
ACC-G0155,ACC-G0188,2025-03-31T00:00:00
ACC-G0019,ACC-G0199,2025-04-01T00:00:00
ACC-G0121,ACC-G0074,2025-04-01T00:00:00
ACC-G0028,ACC-G0159,2025-04-03T00:00:00
ACC-G0101,ACC-G0095,2025-04-04T00:00:00
ACC-G0168,ACC-G0136,2025-04-04T00:00:00
ACC-G0097,ACC-G0060,2025-04-06T00:00:00
ACC-G0161,ACC-G0077,2025-04-06T00:00:00
ACC-G0086,ACC-G0156,2025-04-07T00:00:00
ACC-G0162,ACC-G0166,2025-04-07T00:00:00
ACC-G0126,ACC-G0189,2025-04-09T00:00:00
ACC-G0047,ACC-G0073,2025-04-10T00:00:00
ACC-G0096,ACC-G0130,2025-04-10T00:00:00
ACC-G0038,ACC-G0058,2025-04-11T00:00:00
ACC-G0182,ACC-G0134,2025-04-11T00:00:00
ACC-G0178,ACC-G0135,2025-04-13T00:00:00
ACC-G0028,ACC-G0059,2025-04-14T00:00:00
ACC-G0158,ACC-G0023,2025-04-15T00:00:00
ACC-G0186,ACC-G0002,2025-04-17T00:00:00
ACC-G0099,ACC-G0082,2025-04-18T00:00:00
ACC-G0014,ACC-G0164,2025-04-19T00:00:00
ACC-G0197,ACC-G0108,2025-04-20T00:00:00
ACC-G0086,ACC-G0032,2025-04-21T00:00:00
ACC-G0121,ACC-G0196,2025-04-21T00:00:00
ACC-G0161,ACC-G0076,2025-04-25T00:00:00
ACC-G0124,ACC-G0158,2025-04-27T00:00:00
ACC-G0148,ACC-G0193,2025-04-28T00:00:00
ACC-G0017,ACC-G0151,2025-04-30T00:00:00
ACC-G0052,ACC-G0200,2025-04-30T00:00:00
ACC-G0173,ACC-G0114,2025-05-02T00:00:00
ACC-G0053,ACC-G0062,2025-05-04T00:00:00
ACC-G0127,ACC-G0103,2025-05-05T00:00:00
ACC-G0086,ACC-G0182,2025-05-06T00:00:00
ACC-G0071,ACC-G0067,2025-05-07T00:00:00
ACC-G0121,ACC-G0058,2025-05-07T00:00:00
ACC-G0103,ACC-G0209,2025-05-08T00:00:00
ACC-G0204,ACC-G0057,2025-05-08T00:00:00
ACC-G0094,ACC-G0121,2025-05-09T00:00:00
ACC-G0051,ACC-G0080,2025-05-12T00:00:00
ACC-G0151,ACC-G0158,2025-05-14T00:00:00
ACC-G0127,ACC-G0114,2025-05-15T00:00:00
ACC-G0083,ACC-G0085,2025-05-16T00:00:00
ACC-G0017,ACC-G0188,2025-05-17T00:00:00
ACC-G0159,ACC-G0133,2025-05-18T00:00:00
ACC-G0087,ACC-G0103,2025-05-19T00:00:00
ACC-G0114,ACC-G0145,2025-05-19T00:00:00
ACC-G0143,ACC-G0080,2025-05-23T00:00:00
ACC-G0174,ACC-G0091,2025-05-23T00:00:00
ACC-G0035,ACC-G0147,2025-05-25T00:00:00
ACC-G0087,ACC-F003,2025-05-31T00:00:00
ACC-G0088,ACC-G0182,2025-06-02T00:00:00
ACC-G0108,ACC-G0140,2025-06-02T00:00:00
ACC-G0102,ACC-G0007,2025-06-05T00:00:00
ACC-G0053,ACC-G0204,2025-06-06T00:00:00
ACC-F006,ACC-G0188,2025-06-07T00:00:00
ACC-G0006,ACC-G0005,2025-06-07T00:00:00
ACC-G0171,ACC-G0209,2025-06-16T00:00:00
ACC-G0014,ACC-G0057,2025-06-19T00:00:00
ACC-G0060,ACC-G0050,2025-06-22T00:00:00
ACC-G0016,ACC-G0076,2025-06-23T00:00:00
ACC-G0026,ACC-G0137,2025-06-23T00:00:00
ACC-G0105,ACC-G0073,2025-06-25T00:00:00
ACC-G0003,ACC-G0090,2025-06-27T00:00:00
ACC-G0084,ACC-G0131,2025-06-30T00:00:00
ACC-G0096,ACC-G0026,2025-07-03T00:00:00
ACC-G0046,ACC-G0086,2025-07-04T00:00:00
ACC-G0081,ACC-G0120,2025-07-06T00:00:00
ACC-G0097,ACC-G0056,2025-07-06T00:00:00
ACC-G0135,ACC-G0065,2025-07-06T00:00:00
ACC-G0116,ACC-G0048,2025-07-08T00:00:00
ACC-G0184,ACC-G0159,2025-07-09T00:00:00
ACC-G0205,ACC-G0167,2025-07-12T00:00:00
ACC-G0161,ACC-G0003,2025-07-14T00:00:00
ACC-G0047,ACC-G0057,2025-07-16T00:00:00
ACC-G0083,ACC-G0159,2025-07-17T00:00:00
ACC-G0138,ACC-G0140,2025-07-17T00:00:00
ACC-G0016,ACC-G0075,2025-07-18T00:00:00
ACC-G0199,ACC-G0019,2025-07-18T00:00:00
ACC-G0060,ACC-G0097,2025-07-21T00:00:00
ACC-G0100,ACC-G0157,2025-07-21T00:00:00
ACC-G0032,ACC-G0197,2025-07-23T00:00:00
ACC-G0123,ACC-G0009,2025-07-23T00:00:00
ACC-G0103,ACC-G0005,2025-07-24T00:00:00
ACC-G0135,ACC-G0106,2025-07-24T00:00:00
ACC-G0140,ACC-G0108,2025-07-26T00:00:00
ACC-G0015,ACC-G0022,2025-07-27T00:00:00
ACC-G0011,ACC-G0008,2025-07-28T00:00:00
ACC-G0197,ACC-F003,2025-07-30T00:00:00
ACC-G0165,ACC-G0032,2025-07-31T00:00:00
ACC-G0121,ACC-G0094,2025-08-04T00:00:00
ACC-G0193,ACC-G0148,2025-08-06T00:00:00
ACC-F002,ACC-G0134,2025-08-07T00:00:00
ACC-G0109,ACC-G0130,2025-08-11T00:00:00
ACC-G0191,ACC-G0080,2025-08-11T00:00:00
ACC-G0146,ACC-G0161,2025-08-12T00:00:00
ACC-G0106,ACC-G0135,2025-08-13T00:00:00
ACC-G0005,ACC-G0006,2025-08-14T00:00:00
ACC-G0025,ACC-G0103,2025-08-14T00:00:00
ACC-G0038,ACC-G0131,2025-08-15T00:00:00
ACC-G0187,ACC-G0105,2025-08-15T00:00:00
ACC-G0024,ACC-P001,2025-08-18T00:00:00
ACC-G0181,ACC-G0105,2025-08-20T00:00:00
ACC-G0163,ACC-G0178,2025-08-21T00:00:00
ACC-G0098,ACC-G0048,2025-08-23T00:00:00
ACC-G0107,ACC-G0120,2025-08-23T00:00:00
ACC-G0144,ACC-G0081,2025-08-24T00:00:00
ACC-G0067,ACC-G0185,2025-08-30T00:00:00
ACC-G0086,ACC-G0046,2025-09-06T00:00:00
ACC-G0161,ACC-G0146,2025-09-08T00:00:00
ACC-G0168,ACC-G0208,2025-09-08T00:00:00
ACC-G0093,ACC-G0030,2025-09-10T00:00:00
ACC-G0195,ACC-P002,2025-09-11T00:00:00
ACC-F004,ACC-G0157,2025-09-14T00:00:00
ACC-G0194,ACC-G0204,2025-09-16T00:00:00
ACC-G0065,ACC-G0111,2025-09-17T00:00:00
ACC-G0086,ACC-G0012,2025-09-19T00:00:00
ACC-G0102,ACC-G0176,2025-09-20T00:00:00
ACC-G0197,ACC-G0178,2025-09-21T00:00:00
ACC-G0112,ACC-G0127,2025-09-23T00:00:00
ACC-P001,ACC-G0085,2025-09-23T00:00:00
ACC-G0159,ACC-G0184,2025-09-25T00:00:00
ACC-G0199,ACC-G0158,2025-09-26T00:00:00
ACC-G0177,ACC-G0127,2025-09-27T00:00:00
ACC-G0050,ACC-G0108,2025-09-28T00:00:00
ACC-G0157,ACC-G0171,2025-09-28T00:00:00
ACC-G0014,ACC-G0190,2025-09-29T00:00:00
ACC-G0129,ACC-G0157,2025-09-30T00:00:00
ACC-G0129,ACC-G0090,2025-10-01T00:00:00
ACC-G0029,ACC-G0183,2025-10-02T00:00:00
ACC-G0056,ACC-G0180,2025-10-02T00:00:00
ACC-G0159,ACC-G0028,2025-10-02T00:00:00
ACC-G0019,ACC-G0074,2025-10-07T00:00:00
ACC-G0126,ACC-G0176,2025-10-07T00:00:00
ACC-G0134,ACC-G0082,2025-10-08T00:00:00
ACC-G0052,ACC-G0171,2025-10-11T00:00:00
ACC-G0066,ACC-G0003,2025-10-11T00:00:00
ACC-G0086,ACC-G0076,2025-10-11T00:00:00
ACC-G0042,ACC-G0192,2025-10-12T00:00:00
ACC-G0012,ACC-G0157,2025-10-18T00:00:00
ACC-G0175,ACC-G0066,2025-10-19T00:00:00
ACC-G0076,ACC-G0086,2025-10-20T00:00:00
ACC-G0104,ACC-G0108,2025-10-25T00:00:00
ACC-G0180,ACC-G0171,2025-10-25T00:00:00
ACC-G0195,ACC-G0017,2025-10-25T00:00:00
ACC-G0200,ACC-F006,2025-10-26T00:00:00
ACC-G0184,ACC-F002,2025-10-31T00:00:00
ACC-G0169,ACC-G0134,2025-11-01T00:00:00
ACC-G0136,ACC-G0098,2025-11-03T00:00:00
ACC-G0054,ACC-G0107,2025-11-04T00:00:00
ACC-G0150,ACC-G0149,2025-11-05T00:00:00
ACC-G0197,ACC-G0192,2025-11-08T00:00:00
ACC-G0158,ACC-G0044,2025-11-11T00:00:00
ACC-G0082,ACC-G0210,2025-11-14T00:00:00
ACC-G0058,ACC-G0121,2025-11-15T00:00:00
ACC-G0068,ACC-G0143,2025-11-16T00:00:00
ACC-G0102,ACC-G0029,2025-11-16T00:00:00
ACC-G0095,ACC-G0123,2025-11-21T00:00:00
ACC-F005,ACC-G0112,2025-11-25T00:00:00
ACC-G0112,ACC-G0187,2025-11-29T00:00:00
ACC-G0156,ACC-G0131,2025-11-30T00:00:00
ACC-G0157,ACC-G0051,2025-11-30T00:00:00
ACC-G0032,ACC-G0015,2025-12-02T00:00:00
ACC-G0004,ACC-G0196,2025-12-03T00:00:00
ACC-G0003,ACC-G0087,2025-12-07T00:00:00
ACC-G0202,ACC-G0086,2025-12-08T00:00:00
ACC-G0028,ACC-G0152,2025-12-12T00:00:00
ACC-G0048,ACC-G0188,2025-12-12T00:00:00
ACC-G0104,ACC-G0012,2025-12-15T00:00:00
ACC-G0201,ACC-G0127,2025-12-15T00:00:00
ACC-F002,ACC-G0102,2025-12-16T00:00:00
ACC-G0026,ACC-G0096,2025-12-16T00:00:00
ACC-G0005,ACC-F005,2025-12-17T00:00:00
ACC-G0021,ACC-G0159,2025-12-19T00:00:00
ACC-G0158,ACC-G0081,2025-12-19T00:00:00
ACC-G0193,ACC-G0096,2025-12-20T00:00:00
ACC-G0106,ACC-G0202,2025-12-21T00:00:00
ACC-G0204,ACC-G0053,2025-12-21T00:00:00
ACC-G0031,ACC-G0139,2025-12-22T00:00:00
ACC-G0179,ACC-G0025,2025-12-23T00:00:00
ACC-G0124,ACC-F006,2025-12-24T00:00:00
ACC-G0158,ACC-G0199,2025-12-24T00:00:00
ACC-G0015,ACC-G0032,2025-12-25T00:00:00
ACC-G0171,ACC-G0052,2025-12-25T00:00:00
ACC-G0158,ACC-G0051,2025-12-26T00:00:00
ACC-G0165,ACC-G0143,2025-12-26T00:00:00
ACC-G0118,ACC-G0094,2025-12-27T00:00:00
ACC-G0202,ACC-G0101,2025-12-29T00:00:00
ACC-G0083,ACC-G0122,2025-12-30T00:00:00
ACC-G0094,ACC-G0118,2025-12-30T00:00:00
ACC-G0108,ACC-G0159,2025-12-30T00:00:00
ACC-G0150,ACC-G0075,2025-12-31T00:00:00
ACC-G0158,ACC-G0124,2025-12-31T00:00:00
ACC-F005,ACC-G0005,2026-01-01T00:00:00
ACC-G0020,ACC-G0100,2026-01-06T00:00:00
ACC-G0103,ACC-G0184,2026-01-07T00:00:00
ACC-G0163,ACC-G0061,2026-01-08T00:00:00
ACC-G0053,ACC-G0121,2026-01-13T00:00:00
ACC-G0039,ACC-G0092,2026-01-14T00:00:00
ACC-F006,ACC-G0054,2026-01-19T00:00:00
ACC-G0075,ACC-G0157,2026-01-19T00:00:00
ACC-G0140,ACC-G0176,2026-01-20T00:00:00
ACC-G0196,ACC-G0119,2026-01-24T00:00:00
ACC-G0082,ACC-G0134,2026-01-25T00:00:00
ACC-G0136,ACC-G0168,2026-01-25T00:00:00
ACC-G0135,ACC-F002,2026-01-26T00:00:00
ACC-G0135,ACC-G0157,2026-01-26T00:00:00
ACC-G0025,ACC-G0168,2026-01-29T00:00:00
ACC-G0035,ACC-G0200,2026-01-31T00:00:00
ACC-G0169,ACC-G0182,2026-01-31T00:00:00
ACC-G0011,ACC-G0001,2026-02-02T00:00:00
ACC-G0017,ACC-G0134,2026-02-02T00:00:00
ACC-G0132,ACC-G0165,2026-02-06T00:00:00
ACC-G0153,ACC-G0041,2026-02-06T00:00:00
ACC-G0062,ACC-G0053,2026-02-12T00:00:00
ACC-G0028,ACC-G0040,2026-02-17T00:00:00
ACC-G0199,ACC-G0028,2026-02-18T00:00:00
ACC-G0005,ACC-G0103,2026-02-19T00:00:00
ACC-G0090,ACC-G0003,2026-02-19T00:00:00
ACC-G0037,ACC-G0010,2026-02-20T00:00:00
ACC-G0032,ACC-G0186,2026-02-21T00:00:00
ACC-G0041,ACC-G0158,2026-02-22T00:00:00
ACC-G0185,ACC-G0121,2026-03-01T00:00:00
ACC-G0171,ACC-G0157,2026-03-02T00:00:00
ACC-G0055,ACC-G0003,2026-03-03T00:00:00
ACC-G0091,ACC-G0174,2026-03-04T00:00:00
ACC-G0139,ACC-G0124,2026-03-04T00:00:00
ACC-G0047,ACC-G0203,2026-03-06T00:00:00
ACC-G0073,ACC-G0105,2026-03-06T00:00:00
ACC-G0108,ACC-G0050,2026-03-08T00:00:00
ACC-G0095,ACC-G0134,2026-03-10T00:00:00
ACC-G0159,ACC-G0108,2026-03-11T00:00:00
ACC-G0167,ACC-G0205,2026-03-12T00:00:00
ACC-G0182,ACC-G0086,2026-03-16T00:00:00
ACC-G0159,ACC-G0021,2026-03-19T00:00:00
ACC-G0149,ACC-G0108,2026-03-20T00:00:00
ACC-G0172,ACC-G0026,2026-03-20T00:00:00
ACC-G0157,ACC-G0152,2026-03-26T00:00:00
ACC-G0026,ACC-G0172,2026-03-28T00:00:00
ACC-G0171,ACC-G0136,2026-03-31T00:00:00
ACC-V001,ACC-P001,2026-05-01T09:00:00
ACC-V001,ACC-P002,2026-05-01T09:00:00
ACC-T001,ACC-T002,2026-05-02T08:00:00
ACC-V001,ACC-M001,2026-05-23T10:00:00
