txn_id,from_account,to_account,amount,timestamp,channel,tag
TXN000198,ACC-G0010,ACC-G0037,3853.15,2026-05-01T00:35:26,ACH,
TXN000728,ACC-G0157,ACC-G0020,9424.19,2026-05-01T05:03:21,Wire,
TXN000985,ACC-G0057,ACC-G0204,1081.25,2026-05-01T06:58:30,ACH,
TXN000558,ACC-G0194,ACC-G0123,1350.3,2026-05-01T08:17:37,ACH,
TXN000805,ACC-G0143,ACC-G0165,9239.1,2026-05-01T08:18:23,Wire,
TXN000176,ACC-G0015,ACC-G0032,303.96,2026-05-01T09:04:06,Credit Card,
TXN000265,ACC-G0060,ACC-G0050,444.22,2026-05-01T09:04:08,Credit Card,
TXN000051,ACC-G0004,ACC-G0189,354.06,2026-05-01T09:13:49,ACH,
TXN000338,ACC-G0084,ACC-G0156,464.39,2026-05-01T09:40:18,Bitcoin,
TXN000045,ACC-G0044,ACC-G0003,460.42,2026-05-01T09:44:48,ACH,
TXN000486,ACC-G0108,ACC-G0140,5545.8,2026-05-01T09:55:58,Cheque,
TXN000313,ACC-F005,ACC-G0079,814.73,2026-05-01T10:14:01,Cash,
TXN000159,ACC-G0040,ACC-G0028,84.09,2026-05-01T10:15:28,Credit Card,
TXN000900,ACC-G0187,ACC-G0112,5344.04,2026-05-01T11:02:41,Credit Card,
TXN000072,ACC-G0034,ACC-G0009,182.25,2026-05-01T11:11:13,Cheque,
TXN000381,ACC-G0197,ACC-G0087,2499.95,2026-05-01T12:13:48,Wire,
TXN000924,ACC-G0121,ACC-G0196,1269.24,2026-05-01T12:20:35,ACH,
TXN000731,ACC-G0157,ACC-G0129,429.03,2026-05-01T12:58:39,ACH,
TXN000511,ACC-G0127,ACC-G0112,1323.67,2026-05-01T13:16:04,Cheque,
TXN000199,ACC-G0010,ACC-G0037,742.17,2026-05-01T13:44:43,Cheque,
TXN000720,ACC-G0157,ACC-G0208,698.55,2026-05-01T13:49:31,Cheque,
TXN000452,ACC-G0103,ACC-G0005,3782.0,2026-05-01T15:39:04,Credit Card,
TXN000396,ACC-G0091,ACC-G0119,1010.33,2026-05-01T15:58:07,Wire,
TXN000880,ACC-G0033,ACC-G0181,2480.08,2026-05-01T16:27:49,Cash,
TXN000680,ACC-G0193,ACC-G0148,4639.31,2026-05-01T16:42:09,Cheque,
TXN000157,ACC-G0008,ACC-G0027,406.53,2026-05-01T16:50:18,Credit Card,
TXN000294,ACC-G0210,ACC-G0072,670.94,2026-05-01T17:24:54,Credit Card,
TXN000128,ACC-G0024,ACC-P001,2671.12,2026-05-01T18:27:08,Cash,
TXN000947,ACC-G0192,ACC-G0197,3708.5,2026-05-01T18:57:33,Credit Card,
TXN000867,ACC-G0180,ACC-G0171,914.51,2026-05-01T20:25:59,Bitcoin,
TXN000619,ACC-G0134,ACC-G0082,6004.61,2026-05-01T20:26:14,Credit Card,
TXN000559,ACC-G0194,ACC-G0123,4115.43,2026-05-01T21:37:50,Credit Card,
TXN000150,ACC-G0143,ACC-G0027,2772.59,2026-05-01T21:59:10,Cheque,
TXN000173,ACC-G0092,ACC-G0032,1231.98,2026-05-01T22:29:43,Credit Card,
TXN000010,ACC-G0112,ACC-F005,2909.52,2026-05-01T22:42:25,ACH,
TXN000823,ACC-G0171,ACC-G0052,674.01,2026-05-01T23:31:43,ACH,
TXN000684,ACC-G0205,ACC-G0148,11918.97,2026-05-02T00:35:52,Bitcoin,
TXN000457,ACC-G0104,ACC-G0108,1897.54,2026-05-02T00:38:25,Cheque,
TXN000321,ACC-G0080,ACC-G0191,2562.93,2026-05-02T04:37:45,Cash,
TXN000757,ACC-G0158,ACC-G0155,1681.57,2026-05-02T06:30:46,Wire,
TXN000561,ACC-G0095,ACC-G0123,1735.67,2026-05-02T06:41:09,Credit Card,
TXN000886,ACC-G0029,ACC-G0183,1187.82,2026-05-02T06:59:15,Cheque,
TXN000666,ACC-G0144,ACC-G0081,13969.15,2026-05-02T07:03:05,Cheque,
TXN000640,ACC-G0168,ACC-G0136,1206.47,2026-05-02T07:19:20,Cheque,
TXN000913,ACC-G0059,ACC-G0191,2365.55,2026-05-02T07:56:45,ACH,
TXN000362,ACC-G0086,ACC-G0148,2114.49,2026-05-02T08:36:49,Bitcoin,
TXN000481,ACC-G0107,ACC-G0120,1370.0,2026-05-02T08:37:10,ACH,
TXN000602,ACC-G0131,ACC-G0084,278.19,2026-05-02T10:03:18,ACH,
TXN000978,ACC-G0106,ACC-G0202,1071.71,2026-05-02T10:06:20,ACH,
TXN000332,ACC-G0122,ACC-G0083,1628.24,2026-05-02T10:20:16,Cash,
TXN000264,ACC-G0050,ACC-G0060,830.86,2026-05-02T11:19:46,Credit Card,
TXN000715,ACC-G0157,ACC-F003,210.1,2026-05-02T11:21:03,ACH,
TXN000504,ACC-G0004,ACC-G0110,1313.61,2026-05-02T11:41:00,Bitcoin,
TXN000330,ACC-G0060,ACC-G0082,237.63,2026-05-02T11:46:26,Bitcoin,
TXN000297,ACC-G0144,ACC-G0074,360.43,2026-05-02T12:08:15,ACH,
TXN000250,ACC-G0059,ACC-G0056,173.97,2026-05-02T12:22:55,Wire,
TXN000966,ACC-G0201,ACC-G0067,803.43,2026-05-02T12:36:19,Credit Card,
TXN000937,ACC-G0069,ACC-G0196,72.96,2026-05-02T13:10:40,ACH,
TXN000410,ACC-G0056,ACC-G0097,701.33,2026-05-02T13:35:41,Cheque,
TXN000288,ACC-G0014,ACC-G0069,630.55,2026-05-02T14:58:45,Credit Card,
TXN000651,ACC-G0139,ACC-G0124,1380.27,2026-05-02T15:30:09,Credit Card,
TXN000352,ACC-G0206,ACC-G0086,2281.95,2026-05-02T16:58:17,Cash,
TXN000175,ACC-G0032,ACC-G0015,4849.91,2026-05-02T17:26:39,Wire,
TXN000314,ACC-F005,ACC-G0079,2758.25,2026-05-02T17:30:33,Cheque,
TXN000732,ACC-G0129,ACC-G0157,1963.16,2026-05-02T19:52:50,ACH,
TXN000587,ACC-G0130,ACC-G0181,158.33,2026-05-02T20:21:22,Cash,
TXN001008,ACC-P001,ACC-G0143,1092.0,2026-05-02T20:24:20,Cash,
TXN000710,ACC-G0157,ACC-G0075,5779.27,2026-05-02T20:42:57,Wire,
TXN000011,ACC-G0112,ACC-F005,574.84,2026-05-02T20:47:31,Wire,
TXN000857,ACC-G0163,ACC-G0178,3928.29,2026-05-02T21:31:50,ACH,
TXN000042,ACC-G0097,ACC-G0003,634.47,2026-05-02T21:38:19,Cheque,
TXN000474,ACC-G0051,ACC-G0107,6637.65,2026-05-02T22:20:06,Credit Card,
TXN000945,ACC-G0032,ACC-G0197,24151.48,2026-05-02T22:45:51,Credit Card,
TXN000833,ACC-G0114,ACC-G0173,1233.98,2026-05-02T23:56:58,ACH,
TXN000319,ACC-G0080,ACC-G0009,746.81,2026-05-03T06:38:14,ACH,
TXN000772,ACC-G0158,ACC-G0199,2591.96,2026-05-03T07:17:07,Credit Card,
TXN000537,ACC-G0102,ACC-G0120,5579.34,2026-05-03T07:39:09,ACH,
TXN000977,ACC-G0202,ACC-G0106,2720.23,2026-05-03T08:26:43,ACH,
TXN000447,ACC-G0091,ACC-G0103,1058.33,2026-05-03T09:40:49,ACH,
TXN001011,ACC-V001,ACC-P001,4200.0,2026-05-03T10:00:00,ACH,victim-history
TXN000070,ACC-G0150,ACC-G0009,134.88,2026-05-03T10:24:41,Wire,
TXN000207,ACC-F005,ACC-G0040,926.02,2026-05-03T10:36:15,Credit Card,
TXN000083,ACC-G0011,ACC-G0001,521.51,2026-05-03T11:01:20,Cash,
TXN000215,ACC-G0106,ACC-G0042,709.55,2026-05-03T11:05:38,Credit Card,
TXN000903,ACC-G0112,ACC-G0187,1993.16,2026-05-03T11:11:15,Bitcoin,
TXN000959,ACC-G0199,ACC-G0028,348.83,2026-05-03T11:33:25,Credit Card,
TXN001080,ACC-T001,ACC-T002,5400.0,2026-05-03T12:00:00,ACH,ato-history
TXN000056,ACC-G0006,ACC-G0005,3774.38,2026-05-03T12:06:15,Cheque,
TXN000061,ACC-G0140,ACC-G0006,766.1,2026-05-03T12:40:19,Wire,
TXN000811,ACC-G0167,ACC-G0205,572.85,2026-05-03T12:48:50,ACH,
TXN000951,ACC-G0197,ACC-F003,928.47,2026-05-03T13:19:33,Cheque,
TXN000672,ACC-G0114,ACC-G0145,663.88,2026-05-03T13:22:30,Cheque,
TXN000643,ACC-G0026,ACC-G0137,1820.87,2026-05-03T13:44:38,Cash,
TXN000592,ACC-G0130,ACC-G0003,748.24,2026-05-03T13:47:03,Cheque,
TXN000289,ACC-G0070,ACC-G0078,1022.7,2026-05-03T14:07:32,Credit Card,
TXN000718,ACC-G0157,ACC-G0168,1191.17,2026-05-03T14:16:49,Cheque,
TXN001005,ACC-G0171,ACC-G0209,1697.14,2026-05-03T15:06:01,Cheque,
TXN000764,ACC-G0008,ACC-G0158,2118.52,2026-05-03T15:21:47,Cash,
TXN000560,ACC-G0123,ACC-G0095,2143.16,2026-05-03T15:21:59,Bitcoin,
TXN000212,ACC-G0002,ACC-G0041,1560.9,2026-05-03T17:18:51,ACH,
TXN001007,ACC-G0082,ACC-G0210,523.81,2026-05-03T17:39:28,Wire,
TXN000641,ACC-G0136,ACC-G0168,408.78,2026-05-03T17:53:35,ACH,
TXN000108,ACC-G0018,ACC-G0152,1203.97,2026-05-03T17:54:20,Credit Card,
TXN000574,ACC-G0201,ACC-G0127,1172.78,2026-05-03T18:04:13,Bitcoin,
TXN000733,ACC-G0021,ACC-G0157,2032.66,2026-05-03T18:06:07,Cheque,
TXN000822,ACC-G0171,ACC-G0052,1914.66,2026-05-03T19:51:30,Cash,
TXN000185,ACC-G0033,ACC-G0160,1173.43,2026-05-03T20:54:23,ACH,
TXN000082,ACC-G0180,ACC-G0010,567.87,2026-05-03T21:14:52,Cheque,
TXN000646,ACC-G0138,ACC-G0140,1002.42,2026-05-04T04:40:50,ACH,
TXN000583,ACC-G0096,ACC-G0130,248.97,2026-05-04T05:22:09,ACH,
TXN000124,ACC-G0023,ACC-G0064,3158.49,2026-05-04T06:24:55,Credit Card,
TXN000704,ACC-G0154,ACC-G0093,361.74,2026-05-04T06:29:25,Cheque,
TXN000920,ACC-G0017,ACC-G0195,2486.96,2026-05-04T08:09:47,Credit Card,
TXN000818,ACC-G0170,ACC-G0124,425.11,2026-05-04T09:22:24,Cheque,
TXN000729,ACC-G0157,ACC-G0020,765.8,2026-05-04T09:41:42,Cheque,
TXN001091,ACC-XF001,ACC-X001,186400.0,2026-05-04T10:00:00,ACH,stealth-in
TXN000863,ACC-G0128,ACC-G0179,2975.15,2026-05-04T10:27:30,Credit Card,
TXN000248,ACC-G0055,ACC-G0003,8472.62,2026-05-04T10:34:52,Reinvestment,
TXN000453,ACC-G0105,ACC-G0103,12947.71,2026-05-04T10:43:19,Credit Card,
TXN000050,ACC-G0004,ACC-G0036,6485.87,2026-05-04T10:43:37,Cheque,
TXN000765,ACC-G0044,ACC-G0158,173.11,2026-05-04T11:29:39,ACH,
TXN000421,ACC-G0029,ACC-G0102,3214.48,2026-05-04T11:38:38,Cash,
TXN000131,ACC-P001,ACC-G0024,948.65,2026-05-04T11:50:21,Credit Card,
TXN000032,ACC-G0161,ACC-G0003,2862.34,2026-05-04T12:14:39,ACH,
TXN000954,ACC-G0178,ACC-G0197,4803.51,2026-05-04T12:36:47,ACH,
TXN000149,ACC-G0143,ACC-G0027,1376.76,2026-05-04T12:45:30,ACH,
TXN000480,ACC-G0107,ACC-G0120,3314.67,2026-05-04T13:30:30,ACH,
TXN000394,ACC-G0090,ACC-G0129,387.17,2026-05-04T13:38:12,Wire,
TXN000933,ACC-G0196,ACC-G0182,6800.51,2026-05-04T14:07:35,ACH,
TXN000586,ACC-F001,ACC-G0130,651.14,2026-05-04T14:19:02,Credit Card,
TXN000068,ACC-G0008,ACC-G0011,4401.8,2026-05-04T14:24:18,ACH,
TXN000963,ACC-G0035,ACC-G0200,4466.16,2026-05-04T14:26:07,ACH,
TXN000508,ACC-G0065,ACC-G0111,1116.55,2026-05-04T14:32:18,Cheque,
TXN000843,ACC-G0140,ACC-G0176,1269.21,2026-05-04T15:13:21,Cheque,
TXN000649,ACC-G0124,ACC-G0139,574.9,2026-05-04T15:21:25,Credit Card,
TXN001002,ACC-G0208,ACC-G0168,2592.31,2026-05-04T15:29:31,Cheque,
TXN000767,ACC-G0158,ACC-G0044,286.78,2026-05-04T15:47:48,Credit Card,
TXN000598,ACC-G0131,ACC-G0038,1352.0,2026-05-04T16:15:39,Cash,
TXN000912,ACC-G0191,ACC-G0059,3964.27,2026-05-04T16:29:11,Wire,
TXN000520,ACC-G0115,ACC-G0122,918.18,2026-05-04T16:29:20,Credit Card,
TXN000031,ACC-G0003,ACC-G0161,2809.08,2026-05-04T16:30:28,Wire,
TXN000953,ACC-G0178,ACC-G0197,1727.68,2026-05-04T16:53:23,ACH,
TXN000785,ACC-G0159,ACC-G0108,190.89,2026-05-04T16:57:02,ACH,
TXN000419,ACC-G0101,ACC-G0095,383.78,2026-05-04T17:28:29,Credit Card,
TXN000831,ACC-G0026,ACC-G0172,2489.33,2026-05-04T17:42:48,Cheque,
TXN000349,ACC-G0046,ACC-G0086,4525.88,2026-05-04T17:55:34,Cash,
TXN000752,ACC-G0158,ACC-G0113,519.15,2026-05-04T18:29:26,ACH,
TXN001093,ACC-XF003,ACC-X002,174900.0,2026-05-04T19:49:00,ACH,stealth-in
TXN000516,ACC-G0046,ACC-G0114,352.56,2026-05-04T20:43:42,Cheque,
TXN000976,ACC-G0082,ACC-G0202,841.92,2026-05-04T22:34:10,ACH,
TXN000110,ACC-G0199,ACC-G0019,902.96,2026-05-04T22:50:08,ACH,
TXN000293,ACC-G0067,ACC-G0071,170.15,2026-05-05T00:26:01,ACH,
TXN000551,ACC-G0122,ACC-G0111,1857.45,2026-05-05T02:13:21,Cheque,
TXN000449,ACC-G0005,ACC-G0103,7124.91,2026-05-05T04:45:21,ACH,
TXN001095,ACC-XF005,ACC-X003,218300.0,2026-05-05T05:38:00,ACH,stealth-in
TXN000337,ACC-G0083,ACC-G0085,167.16,2026-05-05T06:00:27,ACH,
TXN000482,ACC-G0054,ACC-G0107,980.25,2026-05-05T06:16:59,ACH,
TXN000637,ACC-G0135,ACC-F002,1337.01,2026-05-05T06:22:02,ACH,
TXN000073,ACC-G0034,ACC-G0009,8044.12,2026-05-05T07:54:50,ACH,
TXN000965,ACC-G0200,ACC-G0035,1431.0,2026-05-05T08:37:26,ACH,
TXN000348,ACC-G0086,ACC-G0046,2240.01,2026-05-05T08:37:37,Wire,
TXN000075,ACC-G0034,ACC-G0009,386.2,2026-05-05T08:53:44,Wire,
TXN000740,ACC-G0051,ACC-G0157,1707.77,2026-05-05T09:40:17,Cheque,
TXN000563,ACC-G0124,ACC-F006,30737.75,2026-05-05T10:02:31,Credit Card,
TXN000797,ACC-G0146,ACC-G0161,174.87,2026-05-05T10:40:53,Credit Card,
TXN000801,ACC-G0061,ACC-G0163,472.58,2026-05-05T10:56:44,ACH,
TXN000328,ACC-G0143,ACC-G0080,1136.79,2026-05-05T11:04:15,Cheque,
TXN000824,ACC-G0171,ACC-G0052,931.26,2026-05-05T11:44:37,Bitcoin,
TXN000478,ACC-G0190,ACC-G0107,565.15,2026-05-05T12:14:04,Cheque,
TXN000114,ACC-G0159,ACC-G0021,1829.9,2026-05-05T12:58:55,ACH,
TXN000279,ACC-G0066,ACC-G0175,18692.1,2026-05-05T13:25:37,Credit Card,
TXN000029,ACC-G0090,ACC-G0003,689.45,2026-05-05T13:51:11,ACH,
TXN000569,ACC-G0172,ACC-G0124,231.04,2026-05-05T14:20:26,Credit Card,
TXN001081,ACC-T001,ACC-P001,5590.0,2026-05-05T14:31:00,ACH,ato-history
TXN000893,ACC-G0184,ACC-G0059,493.95,2026-05-05T14:59:42,Credit Card,
TXN000689,ACC-G0149,ACC-G0076,1324.99,2026-05-05T15:26:55,Cheque,
TXN001097,ACC-XF007,ACC-X004,165200.0,2026-05-05T15:27:00,ACH,stealth-in
TXN000268,ACC-G0053,ACC-G0062,732.22,2026-05-05T15:43:09,ACH,
TXN000295,ACC-G0073,ACC-G0047,24165.5,2026-05-05T16:05:02,Cash,
TXN000017,ACC-F006,ACC-G0200,11070.27,2026-05-05T16:14:55,Credit Card,
TXN000371,ACC-G0182,ACC-G0086,527.71,2026-05-05T16:41:31,Reinvestment,
TXN000852,ACC-G0175,ACC-G0177,790.13,2026-05-05T16:48:19,Wire,
TXN000958,ACC-G0198,ACC-G0167,1519.04,2026-05-05T16:53:26,ACH,
TXN000615,ACC-G0052,ACC-G0134,2227.64,2026-05-05T17:06:08,ACH,
TXN001012,ACC-V001,ACC-P002,3850.0,2026-05-05T17:27:00,ACH,victim-history
TXN000357,ACC-G0086,ACC-G0156,726.11,2026-05-05T17:33:56,Credit Card,
TXN000299,ACC-G0074,ACC-G0019,1609.11,2026-05-05T17:37:06,ACH,
TXN000107,ACC-G0152,ACC-G0018,2613.93,2026-05-05T18:28:11,Cash,
TXN000776,ACC-G0028,ACC-G0159,482.09,2026-05-05T19:19:10,Wire,
TXN000761,ACC-G0158,ACC-G0008,667.31,2026-05-05T19:25:11,Wire,
TXN000808,ACC-G0166,ACC-G0189,1987.63,2026-05-05T20:30:22,ACH,
TXN001099,ACC-XF001,ACC-X005,197100.0,2026-05-06T01:16:00,ACH,stealth-in
TXN000841,ACC-G0175,ACC-G0077,6385.85,2026-05-06T03:20:02,Cheque,
TXN000894,ACC-G0184,ACC-G0059,1400.03,2026-05-06T05:16:10,Credit Card,
TXN000538,ACC-G0121,ACC-G0094,3248.07,2026-05-06T05:42:22,Wire,
TXN000200,ACC-G0010,ACC-G0037,27704.49,2026-05-06T07:06:33,ACH,
TXN000746,ACC-G0158,ACC-G0051,1035.4,2026-05-06T08:01:31,Cheque,
TXN000195,ACC-G0035,ACC-G0137,3314.73,2026-05-06T08:34:31,ACH,
TXN000389,ACC-G0088,ACC-G0182,1039.69,2026-05-06T08:45:41,Wire,
TXN000744,ACC-G0124,ACC-G0158,4354.74,2026-05-06T08:59:02,ACH,
TXN001107,ACC-X001,ACC-X002,132344.0,2026-05-06T09:00:00,ACH,stealth-hop
TXN000930,ACC-G0143,ACC-G0196,3758.43,2026-05-06T09:38:31,ACH,
TXN001101,ACC-XF003,ACC-X006,208600.0,2026-05-06T10:05:00,ACH,stealth-in
TXN000926,ACC-G0121,ACC-G0196,377.33,2026-05-06T10:12:30,Cheque,
TXN000309,ACC-G0161,ACC-G0077,1759.49,2026-05-06T10:28:56,ACH,
TXN000253,ACC-G0047,ACC-G0057,265.51,2026-05-06T10:45:18,ACH,
TXN000613,ACC-G0066,ACC-G0134,10041.86,2026-05-06T10:56:09,Credit Card,
TXN001108,ACC-X002,ACC-X003,120681.0,2026-05-06T11:00:00,ACH,stealth-hop
TXN000340,ACC-G0156,ACC-G0084,4619.39,2026-05-06T11:24:23,ACH,
TXN000830,ACC-G0172,ACC-G0026,5853.8,2026-05-06T11:43:20,ACH,
TXN000944,ACC-G0197,ACC-G0108,333.47,2026-05-06T12:25:48,ACH,
TXN000686,ACC-G0149,ACC-G0076,585.57,2026-05-06T13:12:35,Cheque,
TXN000426,ACC-G0123,ACC-G0102,5613.16,2026-05-06T13:44:40,Cheque,
TXN000382,ACC-G0197,ACC-G0087,5230.02,2026-05-06T13:48:49,ACH,
TXN001109,ACC-X003,ACC-X004,159359.0,2026-05-06T14:00:00,ACH,stealth-hop
TXN000741,ACC-G0157,ACC-G0051,343.2,2026-05-06T14:02:38,ACH,
TXN000117,ACC-G0021,ACC-G0146,320.83,2026-05-06T14:37:09,ACH,
TXN000814,ACC-G0025,ACC-G0168,2402.55,2026-05-06T15:01:05,ACH,
TXN000229,ACC-G0047,ACC-G0203,1235.09,2026-05-06T15:02:36,Bitcoin,
TXN000459,ACC-G0105,ACC-G0073,1778.99,2026-05-06T15:36:54,ACH,
TXN000778,ACC-G0159,ACC-G0116,5634.94,2026-05-06T16:18:11,Bitcoin,
TXN000324,ACC-G0051,ACC-G0080,1675.29,2026-05-06T16:35:44,Cash,
TXN000896,ACC-G0186,ACC-G0032,1979.99,2026-05-06T16:52:17,Credit Card,
TXN000450,ACC-G0103,ACC-G0005,599.12,2026-05-06T17:35:04,Credit Card,
TXN000577,ACC-G0166,ACC-G0129,715.15,2026-05-06T17:35:25,Cheque,
TXN000803,ACC-G0014,ACC-G0164,3972.95,2026-05-06T17:38:48,ACH,
TXN000792,ACC-G0184,ACC-G0159,414.69,2026-05-06T17:57:27,Credit Card,
TXN000079,ACC-G0010,ACC-G0038,429.35,2026-05-06T18:51:38,ACH,
TXN000932,ACC-G0196,ACC-G0147,1077.82,2026-05-06T18:57:32,ACH,
TXN000046,ACC-G0003,ACC-G0027,275.85,2026-05-06T19:36:42,Cheque,
TXN001103,ACC-XF005,ACC-X007,171500.0,2026-05-06T19:54:00,ACH,stealth-in
TXN000153,ACC-G0054,ACC-G0027,3565.39,2026-05-06T20:02:53,Cheque,
TXN001105,ACC-XF007,ACC-X008,192800.0,2026-05-07T05:43:00,ACH,stealth-in
TXN000995,ACC-G0108,ACC-G0206,564.61,2026-05-07T07:39:40,ACH,
TXN000027,ACC-G0003,ACC-G0090,9112.65,2026-05-07T07:48:35,ACH,
TXN000812,ACC-G0167,ACC-G0205,359.33,2026-05-07T07:50:42,Cheque,
TXN000856,ACC-G0127,ACC-G0177,133.64,2026-05-07T08:08:01,ACH,
TXN000806,ACC-G0165,ACC-G0143,2215.21,2026-05-07T08:14:53,ACH,
TXN000795,ACC-G0146,ACC-G0161,4786.65,2026-05-07T09:24:18,Credit Card,
TXN000575,ACC-G0181,ACC-G0128,1685.28,2026-05-07T09:42:15,Credit Card,
TXN001111,ACC-X005,ACC-X006,141912.0,2026-05-07T10:00:00,ACH,stealth-hop
TXN000446,ACC-G0091,ACC-G0103,391.55,2026-05-07T10:05:06,ACH,
TXN000436,ACC-G0007,ACC-G0102,246.17,2026-05-07T10:11:43,ACH,
TXN000238,ACC-G0095,ACC-G0051,5712.29,2026-05-07T10:45:51,Wire,
TXN000291,ACC-G0071,ACC-G0067,1056.32,2026-05-07T10:50:19,Credit Card,
TXN000749,ACC-G0158,ACC-G0051,485.42,2026-05-07T11:14:04,Cheque,
TXN000745,ACC-G0158,ACC-G0124,938.34,2026-05-07T12:21:39,Wire,
TXN000037,ACC-G0011,ACC-G0003,1507.74,2026-05-07T12:56:14,Cheque,
TXN000355,ACC-G0086,ACC-G0156,288.6,2026-05-07T12:58:52,Cheque,
TXN001114,ACC-X003,ACC-X004,88097.13,2026-05-07T14:00:00,ACH,stealth-hop
TXN000897,ACC-G0032,ACC-G0186,709.9,2026-05-07T14:00:33,Wire,
TXN000642,ACC-G0137,ACC-G0026,616.33,2026-05-07T14:06:36,Credit Card,
TXN000716,ACC-G0157,ACC-G0168,22138.99,2026-05-07T14:11:41,Cheque,
TXN000787,ACC-G0108,ACC-G0159,3600.11,2026-05-07T14:14:50,Cash,
TXN000441,ACC-G0127,ACC-G0103,2395.16,2026-05-07T15:21:23,ACH,
TXN000026,ACC-G0003,ACC-G0090,1519.07,2026-05-07T15:38:01,ACH,
TXN000012,ACC-F006,ACC-G0194,211.09,2026-05-07T15:43:48,Credit Card,
TXN001110,ACC-X004,ACC-X005,115640.0,2026-05-07T16:00:00,ACH,stealth-hop
TXN000668,ACC-G0144,ACC-G0081,641.14,2026-05-07T16:42:51,Cheque,
TXN001082,ACC-T001,ACC-P001,5780.0,2026-05-07T17:02:00,ACH,ato-history
TXN000346,ACC-P001,ACC-G0085,234.16,2026-05-07T17:08:02,Cheque,
TXN000119,ACC-G0002,ACC-G0022,1364.8,2026-05-07T17:26:39,Credit Card,
TXN000147,ACC-G0027,ACC-G0144,1149.22,2026-05-07T18:17:59,Credit Card,
TXN000629,ACC-G0017,ACC-G0134,870.99,2026-05-07T19:05:16,Cheque,
TXN000058,ACC-G0107,ACC-G0005,3651.4,2026-05-07T19:22:22,Credit Card,
TXN000188,ACC-G0044,ACC-G0034,283.69,2026-05-07T20:47:07,Credit Card,
TXN000262,ACC-G0097,ACC-G0060,1014.13,2026-05-07T23:58:08,Cash,
TXN001013,ACC-V001,ACC-P001,5100.0,2026-05-08T00:54:00,ACH,victim-history
TXN000798,ACC-G0162,ACC-G0166,210.07,2026-05-08T05:48:17,Cheque,
TXN000197,ACC-G0205,ACC-G0036,184.08,2026-05-08T07:09:00,ACH,
TXN000354,ACC-G0206,ACC-G0086,497.24,2026-05-08T08:47:28,Wire,
TXN000305,ACC-G0075,ACC-G0150,10510.57,2026-05-08T08:52:25,Cheque,
TXN000127,ACC-G0023,ACC-G0064,447.7,2026-05-08T09:22:03,ACH,
TXN000251,ACC-G0056,ACC-G0059,8837.4,2026-05-08T09:47:37,Credit Card,
TXN000271,ACC-G0063,ACC-G0026,192.86,2026-05-08T10:05:15,Credit Card,
TXN000532,ACC-G0081,ACC-G0120,2244.34,2026-05-08T10:41:18,Credit Card,
TXN000183,ACC-G0033,ACC-G0160,528.57,2026-05-08T10:45:09,Wire,
TXN000077,ACC-G0038,ACC-G0010,1446.63,2026-05-08T10:51:50,Cheque,
TXN000868,ACC-G0180,ACC-G0171,7363.52,2026-05-08T10:55:56,ACH,
TXN001112,ACC-X002,ACC-X003,91317.36,2026-05-08T11:00:00,ACH,stealth-hop
TXN000956,ACC-G0178,ACC-G0197,394.2,2026-05-08T11:18:42,Wire,
TXN000009,ACC-F005,ACC-G0112,450.57,2026-05-08T11:22:36,ACH,
TXN000360,ACC-G0209,ACC-G0086,2184.89,2026-05-08T11:38:28,ACH,
TXN000884,ACC-G0167,ACC-G0182,1359.25,2026-05-08T11:43:41,Cheque,
TXN001116,ACC-X007,ACC-X008,126910.0,2026-05-08T12:00:00,ACH,stealth-hop
TXN000231,ACC-G0098,ACC-G0048,235.28,2026-05-08T12:25:29,Wire,
TXN000087,ACC-G0104,ACC-G0012,1268.36,2026-05-08T12:50:39,Cheque,
TXN000152,ACC-G0054,ACC-G0027,20250.7,2026-05-08T13:46:54,Cash,
TXN000694,ACC-G0103,ACC-G0150,254.34,2026-05-08T13:47:42,Bitcoin,
TXN000217,ACC-G0106,ACC-G0042,42.13,2026-05-08T14:10:43,Cheque,
TXN001113,ACC-X006,ACC-X007,141848.0,2026-05-08T15:00:00,ACH,stealth-hop
TXN000829,ACC-G0172,ACC-G0026,4627.26,2026-05-08T15:08:01,ACH,
TXN000315,ACC-F005,ACC-G0079,1304.16,2026-05-08T15:17:34,Wire,
TXN000373,ACC-G0202,ACC-G0086,2398.63,2026-05-08T15:40:50,Cheque,
TXN000021,ACC-G0054,ACC-F006,113.61,2026-05-08T15:40:52,Cheque,
TXN001115,ACC-X004,ACC-X005,111551.3,2026-05-08T16:00:00,ACH,stealth-hop
TXN000177,ACC-G0032,ACC-G0015,404.34,2026-05-08T16:25:28,ACH,
TXN000003,ACC-F002,ACC-G0134,829.45,2026-05-08T16:27:06,Wire,
TXN000747,ACC-G0158,ACC-G0051,88.96,2026-05-08T16:37:37,Cheque,
TXN001117,ACC-X008,ACC-X001,134960.0,2026-05-08T17:00:00,ACH,stealth-hop
TXN000290,ACC-G0070,ACC-G0078,493.26,2026-05-08T17:02:25,ACH,
TXN000855,ACC-G0177,ACC-G0127,2349.82,2026-05-08T17:19:29,Cheque,
TXN000955,ACC-G0197,ACC-G0178,4706.56,2026-05-08T17:37:36,Credit Card,
TXN000982,ACC-G0202,ACC-G0101,6497.66,2026-05-08T17:41:50,ACH,
TXN000043,ACC-G0097,ACC-G0003,1790.3,2026-05-08T18:22:54,Credit Card,
TXN000774,ACC-G0159,ACC-G0133,10414.46,2026-05-08T18:33:41,Cheque,
TXN000826,ACC-G0171,ACC-G0136,2326.25,2026-05-08T18:46:31,ACH,
TXN000492,ACC-G0108,ACC-F005,113.88,2026-05-08T20:05:18,Credit Card,
TXN000143,ACC-G0027,ACC-G0194,1251.55,2026-05-08T20:19:49,ACH,
TXN000105,ACC-G0151,ACC-G0017,318.9,2026-05-08T21:01:47,ACH,
TXN000437,ACC-G0184,ACC-G0103,3436.31,2026-05-09T00:29:45,Cash,
TXN000603,ACC-G0084,ACC-G0131,520.27,2026-05-09T06:41:00,ACH,
TXN000283,ACC-G0067,ACC-G0185,144.62,2026-05-09T08:08:47,Wire,
TXN000086,ACC-G0011,ACC-G0001,1760.76,2026-05-09T09:09:35,Cash,
TXN000507,ACC-G0065,ACC-G0111,598.07,2026-05-09T09:12:29,Cash,
TXN000116,ACC-G0146,ACC-G0021,2133.82,2026-05-09T09:35:17,ACH,
TXN000514,ACC-G0113,ACC-G0169,276.85,2026-05-09T09:47:43,Cash,
TXN001120,ACC-X005,ACC-X006,83260.8,2026-05-09T10:00:00,ACH,stealth-hop
TXN000369,ACC-G0086,ACC-G0076,1023.6,2026-05-09T10:45:57,Credit Card,
TXN000350,ACC-G0046,ACC-G0086,618.88,2026-05-09T11:31:36,Credit Card,
TXN000518,ACC-G0115,ACC-G0122,15480.52,2026-05-09T11:48:36,ACH,
TXN000837,ACC-G0174,ACC-G0091,276.69,2026-05-09T13:24:39,Credit Card,
TXN000347,ACC-G0086,ACC-G0107,535.64,2026-05-09T13:58:55,ACH,
TXN001121,ACC-X003,ACC-X004,66661.67,2026-05-09T14:00:00,ACH,stealth-hop
TXN000636,ACC-F002,ACC-G0135,13046.48,2026-05-09T14:35:52,Wire,
TXN000475,ACC-G0051,ACC-G0107,3453.81,2026-05-09T14:36:11,Cheque,
TXN001118,ACC-X006,ACC-X007,96500.16,2026-05-09T15:00:00,ACH,stealth-hop
TXN000363,ACC-G0148,ACC-G0086,428.33,2026-05-09T15:32:01,Wire,
TXN001119,ACC-X004,ACC-X005,61667.99,2026-05-09T16:00:00,ACH,stealth-hop
TXN001122,ACC-X008,ACC-X001,88837.0,2026-05-09T17:00:00,ACH,stealth-hop
TXN000201,ACC-G0037,ACC-G0010,150.77,2026-05-09T17:05:23,Bitcoin,
TXN000595,ACC-G0130,ACC-G0067,746.75,2026-05-09T17:20:43,Cash,
TXN000194,ACC-G0137,ACC-G0035,2655.58,2026-05-09T17:31:46,Credit Card,
TXN000353,ACC-G0086,ACC-G0206,1810.77,2026-05-09T18:54:44,Credit Card,
TXN001083,ACC-T001,ACC-T002,5970.0,2026-05-09T19:33:00,ACH,ato-history
TXN000306,ACC-G0161,ACC-G0076,1425.95,2026-05-09T20:04:01,Reinvestment,
TXN000582,ACC-G0130,ACC-G0096,2613.51,2026-05-09T20:32:35,Credit Card,
TXN001003,ACC-G0168,ACC-G0208,2233.01,2026-05-09T20:34:28,Cheque,
TXN000535,ACC-G0120,ACC-G0081,257.21,2026-05-09T20:44:47,ACH,
TXN000815,ACC-G0025,ACC-G0168,13064.81,2026-05-09T21:22:22,ACH,
TXN000220,ACC-G0043,ACC-G0072,10061.48,2026-05-10T00:25:21,Wire,
TXN000544,ACC-G0074,ACC-G0121,176.33,2026-05-10T01:27:51,ACH,
TXN000146,ACC-G0144,ACC-G0027,638.27,2026-05-10T06:45:05,Cheque,
TXN000234,ACC-G0050,ACC-G0108,421.58,2026-05-10T06:45:07,ACH,
TXN000987,ACC-G0204,ACC-G0057,1096.08,2026-05-10T07:44:07,Wire,
TXN001014,ACC-V001,ACC-P002,4450.0,2026-05-10T08:21:00,ACH,victim-history
TXN000386,ACC-G0079,ACC-G0087,650.92,2026-05-10T08:52:02,ACH,
TXN001125,ACC-X001,ACC-X002,95821.6,2026-05-10T09:00:00,ACH,stealth-hop
TXN000657,ACC-G0080,ACC-G0140,1584.37,2026-05-10T09:19:11,ACH,
TXN001124,ACC-X005,ACC-X006,80316.94,2026-05-10T10:00:00,ACH,stealth-hop
TXN000099,ACC-G0016,ACC-G0075,2502.82,2026-05-10T10:05:20,Credit Card,
TXN000218,ACC-G0042,ACC-G0106,324.17,2026-05-10T10:09:04,ACH,
TXN000323,ACC-G0191,ACC-G0080,795.84,2026-05-10T10:10:46,Cash,
TXN000550,ACC-G0111,ACC-G0122,25608.49,2026-05-10T10:45:28,Credit Card,
TXN000844,ACC-G0140,ACC-G0176,858.82,2026-05-10T11:27:12,Cheque,
TXN000259,ACC-G0097,ACC-G0060,439.24,2026-05-10T11:36:08,Credit Card,
TXN000112,ACC-G0019,ACC-G0199,3825.45,2026-05-10T11:45:46,Cheque,
TXN001123,ACC-X007,ACC-X008,104967.52,2026-05-10T12:00:00,ACH,stealth-hop
TXN000909,ACC-G0126,ACC-G0189,274.05,2026-05-10T12:05:58,Wire,
TXN000423,ACC-G0102,ACC-G0029,521.03,2026-05-10T12:08:08,Cheque,
TXN000531,ACC-G0119,ACC-G0110,420.86,2026-05-10T12:09:55,ACH,
TXN000763,ACC-G0008,ACC-G0158,1741.37,2026-05-10T12:17:44,Cash,
TXN000770,ACC-G0199,ACC-G0158,653.45,2026-05-10T12:23:51,Credit Card,
TXN000848,ACC-G0176,ACC-G0102,2228.74,2026-05-10T12:34:20,ACH,
TXN000821,ACC-G0170,ACC-G0124,1247.16,2026-05-10T12:47:19,Credit Card,
TXN000214,ACC-G0041,ACC-G0158,3704.47,2026-05-10T12:48:17,ACH,
TXN000796,ACC-G0161,ACC-G0146,3313.02,2026-05-10T13:47:29,ACH,
TXN000793,ACC-G0160,ACC-G0209,2272.69,2026-05-10T13:55:33,Reinvestment,
TXN000820,ACC-G0124,ACC-G0170,408.1,2026-05-10T14:02:05,Cheque,
TXN000160,ACC-G0040,ACC-G0028,1773.15,2026-05-10T14:36:00,ACH,
TXN000813,ACC-G0168,ACC-G0025,1367.4,2026-05-10T15:48:06,Wire,
TXN000425,ACC-G0123,ACC-G0102,1975.56,2026-05-10T15:58:43,ACH,
TXN000928,ACC-G0183,ACC-G0196,865.64,2026-05-10T16:24:26,Wire,
TXN000168,ACC-G0139,ACC-G0031,2548.51,2026-05-10T16:25:16,Wire,
TXN000633,ACC-G0134,ACC-G0128,556.8,2026-05-10T16:28:18,Credit Card,
TXN000835,ACC-G0174,ACC-G0091,1637.12,2026-05-10T16:31:48,ACH,
TXN000048,ACC-G0003,ACC-G0027,979.39,2026-05-10T16:49:36,Credit Card,
TXN000698,ACC-G0157,ACC-G0152,268.35,2026-05-10T17:39:01,ACH,
TXN000685,ACC-G0148,ACC-G0205,3119.23,2026-05-10T18:15:27,Credit Card,
TXN001010,ACC-G0195,ACC-P002,841.07,2026-05-10T18:25:06,Credit Card,
TXN000910,ACC-G0189,ACC-G0126,6889.31,2026-05-10T18:33:27,ACH,
TXN000109,ACC-G0152,ACC-G0018,489.86,2026-05-10T18:45:45,Cash,
TXN000682,ACC-G0148,ACC-G0193,121.66,2026-05-10T20:59:27,Credit Card,
TXN000678,ACC-G0147,ACC-G0035,3363.18,2026-05-10T21:04:38,ACH,
TXN000455,ACC-G0108,ACC-G0104,2317.49,2026-05-10T21:09:19,Credit Card,
TXN000069,ACC-G0009,ACC-G0150,322.31,2026-05-10T21:44:42,Cheque,
TXN000922,ACC-G0195,ACC-G0017,2098.46,2026-05-11T00:40:54,Credit Card,
TXN000890,ACC-F002,ACC-G0184,536.42,2026-05-11T06:08:31,Wire,
TXN000736,ACC-G0171,ACC-G0157,1390.86,2026-05-11T06:17:09,Wire,
TXN001004,ACC-G0208,ACC-G0168,701.35,2026-05-11T07:36:51,ACH,
TXN000241,ACC-G0204,ACC-G0053,284.56,2026-05-11T08:19:07,ACH,
TXN000052,ACC-G0004,ACC-G0189,3137.72,2026-05-11T08:31:47,Cheque,
TXN000055,ACC-G0006,ACC-G0005,908.7,2026-05-11T08:39:29,Wire,
TXN000556,ACC-G0123,ACC-G0009,800.01,2026-05-11T08:46:02,Credit Card,
TXN001128,ACC-X001,ACC-X002,63074.27,2026-05-11T09:00:00,ACH,stealth-hop
TXN000335,ACC-G0092,ACC-G0083,854.56,2026-05-11T09:12:26,Credit Card,
TXN000675,ACC-G0147,ACC-G0035,233.77,2026-05-11T09:44:37,Cheque,
TXN000151,ACC-G0027,ACC-G0054,3058.28,2026-05-11T10:03:58,Wire,
TXN000644,ACC-G0026,ACC-G0137,841.49,2026-05-11T10:36:39,Cheque,
TXN000155,ACC-G0027,ACC-G0180,736.03,2026-05-11T10:41:34,Cheque,
TXN000842,ACC-G0176,ACC-G0140,953.87,2026-05-11T11:24:20,Credit Card,
TXN000522,ACC-G0116,ACC-G0048,851.55,2026-05-11T11:31:27,ACH,
TXN000461,ACC-G0105,ACC-G0048,1981.89,2026-05-11T11:42:41,ACH,
TXN000521,ACC-G0048,ACC-G0116,628.54,2026-05-11T11:55:16,ACH,
TXN001127,ACC-X007,ACC-X008,71410.12,2026-05-11T12:00:00,ACH,stealth-hop
TXN000892,ACC-G0059,ACC-G0184,1293.79,2026-05-11T12:10:20,Credit Card,
TXN000628,ACC-G0017,ACC-G0134,403.14,2026-05-11T12:11:29,Credit Card,
TXN000233,ACC-G0016,ACC-G0049,1061.69,2026-05-11T12:13:33,Cheque,
TXN000329,ACC-G0158,ACC-G0081,495.04,2026-05-11T12:16:13,ACH,
TXN000605,ACC-G0132,ACC-G0165,1597.91,2026-05-11T13:38:34,ACH,
TXN000407,ACC-G0061,ACC-G0095,6604.98,2026-05-11T13:44:44,Credit Card,
TXN000210,ACC-G0049,ACC-G0040,787.29,2026-05-11T14:39:38,Cheque,
TXN000222,ACC-G0043,ACC-G0072,471.76,2026-05-11T14:44:12,Cheque,
TXN001126,ACC-X006,ACC-X007,56617.34,2026-05-11T15:00:00,ACH,stealth-hop
TXN000376,ACC-G0012,ACC-G0086,1711.37,2026-05-11T15:14:22,ACH,
TXN000182,ACC-G0160,ACC-G0033,213.31,2026-05-11T16:26:09,ACH,
TXN001130,ACC-X008,ACC-X001,73477.26,2026-05-11T17:00:00,ACH,stealth-hop
TXN000499,ACC-G0108,ACC-G0182,242.97,2026-05-11T17:39:44,Credit Card,
TXN000902,ACC-G0187,ACC-G0112,5856.69,2026-05-11T17:47:04,Cheque,
TXN000266,ACC-G0061,ACC-G0109,274.08,2026-05-11T18:55:27,Credit Card,
TXN000650,ACC-G0124,ACC-G0139,2447.45,2026-05-11T18:59:43,Cheque,
TXN000260,ACC-G0060,ACC-G0097,1253.53,2026-05-11T19:48:03,ACH,
TXN000869,ACC-G0180,ACC-G0171,3823.89,2026-05-11T19:49:41,Cheque,
TXN000638,ACC-G0135,ACC-F002,305.12,2026-05-11T20:03:06,Cheque,
TXN000115,ACC-G0021,ACC-G0159,1798.71,2026-05-11T20:14:22,Cash,
TXN000125,ACC-G0023,ACC-G0064,1900.01,2026-05-11T20:46:20,ACH,
TXN000510,ACC-G0112,ACC-G0127,515.88,2026-05-11T21:29:43,Cheque,
TXN001084,ACC-T001,ACC-P001,6160.0,2026-05-11T22:04:00,ACH,ato-history
TXN000654,ACC-G0140,ACC-G0132,4462.64,2026-05-11T22:40:34,Wire,
TXN000020,ACC-G0054,ACC-F006,908.22,2026-05-12T07:14:30,ACH,
TXN000089,ACC-G0014,ACC-G0057,608.94,2026-05-12T07:33:34,Cheque,
TXN000781,ACC-G0083,ACC-G0159,1142.75,2026-05-12T08:28:34,Bitcoin,
TXN000692,ACC-G0150,ACC-G0103,4377.61,2026-05-12T08:30:44,ACH,
TXN000172,ACC-G0092,ACC-G0032,286.07,2026-05-12T08:34:25,Cheque,
TXN000224,ACC-G0097,ACC-G0044,344.69,2026-05-12T08:36:12,Credit Card,
TXN000596,ACC-G0130,ACC-G0067,685.5,2026-05-12T09:22:38,Credit Card,
TXN001035,ACC-B001,ACC-W001,47000.0,2026-05-12T10:00:00,Wire,watchlist-link
TXN000964,ACC-G0035,ACC-G0200,2303.79,2026-05-12T10:23:19,ACH,
TXN001129,ACC-X002,ACC-X003,66116.9,2026-05-12T11:00:00,ACH,stealth-hop
TXN000939,ACC-G0196,ACC-G0004,2690.36,2026-05-12T11:08:07,Wire,
TXN000523,ACC-G0048,ACC-G0116,21587.68,2026-05-12T11:25:17,Cheque,
TXN000103,ACC-G0017,ACC-G0151,7489.33,2026-05-12T11:36:02,Credit Card,
TXN000104,ACC-G0151,ACC-G0017,2748.05,2026-05-12T11:48:04,Credit Card,
TXN000993,ACC-G0206,ACC-G0203,2775.34,2026-05-12T11:53:49,Wire,
TXN000769,ACC-G0158,ACC-G0023,442.08,2026-05-12T12:32:33,Wire,
TXN000579,ACC-G0129,ACC-G0166,872.13,2026-05-12T12:40:27,Wire,
TXN001092,ACC-XF002,ACC-X001,115568.0,2026-05-12T13:19:00,ACH,stealth-in
TXN000062,ACC-G0140,ACC-G0006,756.24,2026-05-12T13:19:29,Cheque,
TXN000864,ACC-G0128,ACC-G0179,8642.81,2026-05-12T13:23:52,ACH,
TXN000445,ACC-G0103,ACC-G0025,7434.5,2026-05-12T13:32:28,Cheque,
TXN000102,ACC-G0127,ACC-G0016,554.73,2026-05-12T13:47:43,ACH,
TXN000312,ACC-F005,ACC-G0079,2169.97,2026-05-12T13:50:31,Cheque,
TXN000374,ACC-G0202,ACC-G0086,6778.47,2026-05-12T13:54:10,Wire,
TXN000015,ACC-F006,ACC-G0200,3184.31,2026-05-12T13:58:17,Wire,
TXN000737,ACC-G0157,ACC-G0171,260.86,2026-05-12T14:28:15,Cash,
TXN000292,ACC-G0071,ACC-G0067,1155.59,2026-05-12T14:31:49,Wire,
TXN001015,ACC-V001,ACC-P001,3990.0,2026-05-12T14:48:00,ACH,victim-history
TXN000076,ACC-G0010,ACC-G0038,425.12,2026-05-12T15:15:28,Credit Card,
TXN000078,ACC-G0038,ACC-G0010,533.34,2026-05-12T15:36:28,Cheque,
TXN000014,ACC-F006,ACC-G0194,306.45,2026-05-12T16:05:58,ACH,
TXN000941,ACC-G0196,ACC-G0119,1062.89,2026-05-12T16:26:23,Credit Card,
TXN000169,ACC-G0139,ACC-G0031,890.17,2026-05-12T16:34:03,Cash,
TXN000269,ACC-G0053,ACC-G0062,713.59,2026-05-12T16:40:47,ACH,
TXN000030,ACC-G0003,ACC-G0135,31553.5,2026-05-12T17:15:37,Cheque,
TXN000091,ACC-G0014,ACC-G0057,319.15,2026-05-12T17:22:15,Credit Card,
TXN000342,ACC-G0084,ACC-G0149,1689.84,2026-05-12T17:26:48,Credit Card,
TXN000838,ACC-G0175,ACC-G0067,9924.68,2026-05-12T17:37:01,Wire,
TXN000477,ACC-G0107,ACC-G0051,3855.77,2026-05-12T18:22:31,Wire,
TXN000359,ACC-G0086,ACC-G0032,742.58,2026-05-12T18:32:25,Credit Card,
TXN000416,ACC-G0099,ACC-G0082,1607.93,2026-05-12T18:51:18,Cheque,
TXN000267,ACC-G0062,ACC-G0053,1458.04,2026-05-12T19:08:24,Wire,
TXN000994,ACC-G0206,ACC-G0166,165.62,2026-05-12T20:28:00,ACH,
TXN000008,ACC-F004,ACC-G0036,458.41,2026-05-12T22:19:40,Bitcoin,
TXN000777,ACC-G0159,ACC-G0028,1686.17,2026-05-12T22:49:54,ACH,
TXN001094,ACC-XF004,ACC-X002,108438.0,2026-05-12T23:08:00,ACH,stealth-in
TXN000216,ACC-G0042,ACC-G0106,1162.2,2026-05-13T01:26:24,Wire,
TXN000237,ACC-G0108,ACC-G0050,2333.04,2026-05-13T05:39:56,ACH,
TXN000129,ACC-P001,ACC-G0024,1333.36,2026-05-13T06:35:12,Cheque,
TXN000723,ACC-G0012,ACC-G0157,663.12,2026-05-13T06:41:05,Cheque,
TXN001096,ACC-XF006,ACC-X003,135346.0,2026-05-13T08:57:00,ACH,stealth-in
TXN000655,ACC-G0132,ACC-G0140,7170.49,2026-05-13T09:07:55,Wire,
TXN001155,ACC-X001,ACC-X003,41500.0,2026-05-13T09:20:00,ACH,stealth-chord
TXN000671,ACC-G0114,ACC-G0145,230.72,2026-05-13T09:58:42,Cheque,
TXN000533,ACC-G0081,ACC-G0120,1629.99,2026-05-13T10:28:49,Wire,
TXN000372,ACC-G0202,ACC-G0086,2147.3,2026-05-13T11:02:37,Credit Card,
TXN000690,ACC-G0150,ACC-G0149,182.65,2026-05-13T11:11:27,Credit Card,
TXN000097,ACC-G0076,ACC-G0016,1093.83,2026-05-13T11:11:31,Credit Card,
TXN000790,ACC-G0159,ACC-G0184,936.52,2026-05-13T11:18:22,Cheque,
TXN000401,ACC-G0093,ACC-G0030,1619.89,2026-05-13T11:29:17,Wire,
TXN000038,ACC-G0011,ACC-G0003,195.57,2026-05-13T12:06:20,Cheque,
TXN000505,ACC-G0111,ACC-G0065,2431.37,2026-05-13T12:12:33,ACH,
TXN000422,ACC-G0029,ACC-G0102,7902.16,2026-05-13T12:38:58,Credit Card,
TXN000132,ACC-G0032,ACC-G0025,717.69,2026-05-13T13:02:02,ACH,
TXN000277,ACC-G0065,ACC-G0135,14436.71,2026-05-13T13:40:45,Cheque,
TXN000130,ACC-G0024,ACC-P001,406.02,2026-05-13T13:48:35,ACH,
TXN000593,ACC-G0130,ACC-G0003,1767.62,2026-05-13T13:49:44,ACH,
TXN000240,ACC-G0052,ACC-G0200,2068.76,2026-05-13T14:22:22,Wire,
TXN000501,ACC-G0004,ACC-G0110,378.46,2026-05-13T14:33:18,Credit Card,
TXN000622,ACC-G0095,ACC-G0134,2769.36,2026-05-13T14:47:36,Credit Card,
TXN000725,ACC-G0157,ACC-G0012,7802.41,2026-05-13T15:19:44,Cheque,
TXN000706,ACC-G0155,ACC-G0188,738.15,2026-05-13T15:33:43,Cash,
TXN000885,ACC-G0029,ACC-G0183,4247.66,2026-05-13T15:45:24,Credit Card,
TXN000738,ACC-G0157,ACC-G0109,1835.19,2026-05-13T17:01:56,Cheque,
TXN000404,ACC-G0094,ACC-G0118,775.62,2026-05-13T17:39:01,Wire,
TXN000580,ACC-G0129,ACC-G0166,1318.37,2026-05-13T17:59:47,ACH,
TXN000546,ACC-G0121,ACC-G0053,3211.39,2026-05-13T18:14:16,ACH,
TXN001098,ACC-XF008,ACC-X004,102424.0,2026-05-13T18:46:00,ACH,stealth-in
TXN000344,ACC-G0085,ACC-P001,2432.8,2026-05-13T19:45:02,Cheque,
TXN000916,ACC-G0193,ACC-G0096,594.41,2026-05-13T19:47:38,Credit Card,
TXN000189,ACC-G0008,ACC-G0034,664.47,2026-05-13T20:35:20,Wire,
TXN000018,ACC-G0200,ACC-F006,8555.69,2026-05-13T21:51:35,Cheque,
TXN000828,ACC-G0136,ACC-G0171,422.39,2026-05-13T22:32:17,ACH,
TXN001085,ACC-T001,ACC-P001,6350.0,2026-05-14T00:35:00,ACH,ato-history
TXN001100,ACC-XF002,ACC-X005,122202.0,2026-05-14T03:35:00,ACH,stealth-in
TXN000192,ACC-G0034,ACC-G0008,1880.5,2026-05-14T06:55:14,Credit Card,
TXN000981,ACC-G0202,ACC-G0041,4750.33,2026-05-14T07:01:26,Credit Card,
TXN000230,ACC-G0098,ACC-G0048,6633.98,2026-05-14T07:06:16,ACH,
TXN000036,ACC-G0011,ACC-G0003,6053.46,2026-05-14T07:44:07,Wire,
TXN000656,ACC-G0080,ACC-G0140,1080.36,2026-05-14T07:56:15,Cheque,
TXN000819,ACC-G0124,ACC-G0170,626.94,2026-05-14T08:20:07,Cheque,
TXN000534,ACC-G0120,ACC-G0081,94.6,2026-05-14T08:54:01,ACH,
TXN001131,ACC-X001,ACC-X002,82053.28,2026-05-14T09:00:00,ACH,stealth-hop
TXN000548,ACC-G0121,ACC-G0058,1104.41,2026-05-14T09:04:11,ACH,
TXN000794,ACC-G0161,ACC-G0146,141.42,2026-05-14T09:29:45,Credit Card,
TXN000883,ACC-G0167,ACC-G0182,1239.24,2026-05-14T09:50:09,ACH,
TXN000490,ACC-G0159,ACC-G0108,138.84,2026-05-14T09:51:30,Wire,
TXN000395,ACC-G0129,ACC-G0090,3523.18,2026-05-14T10:02:35,Cheque,
TXN000284,ACC-G0068,ACC-G0025,962.03,2026-05-14T10:04:16,Credit Card,
TXN000542,ACC-G0121,ACC-G0074,2791.85,2026-05-14T10:19:00,ACH,
TXN000862,ACC-G0179,ACC-G0025,1489.25,2026-05-14T10:37:03,Cheque,
TXN000101,ACC-G0016,ACC-G0127,2525.59,2026-05-14T10:50:03,ACH,
TXN001132,ACC-X002,ACC-X003,74822.22,2026-05-14T11:00:00,ACH,stealth-hop
TXN000256,ACC-G0059,ACC-G0027,2643.54,2026-05-14T11:04:40,Wire,
TXN000839,ACC-G0175,ACC-G0077,2236.37,2026-05-14T11:22:26,Cheque,
TXN000041,ACC-G0097,ACC-G0003,248.28,2026-05-14T11:42:48,Cheque,
TXN000696,ACC-G0158,ACC-G0151,193.22,2026-05-14T11:51:18,ACH,
TXN000734,ACC-G0021,ACC-G0157,1775.73,2026-05-14T11:53:47,Credit Card,
TXN000171,ACC-G0031,ACC-G0139,375.68,2026-05-14T11:57:24,Cheque,
TXN001102,ACC-XF004,ACC-X006,129332.0,2026-05-14T13:24:00,ACH,stealth-in
TXN000519,ACC-G0122,ACC-G0115,943.34,2026-05-14T13:34:02,Cheque,
TXN001133,ACC-X003,ACC-X004,98802.58,2026-05-14T14:00:00,ACH,stealth-hop
TXN000496,ACC-G0182,ACC-G0108,591.86,2026-05-14T14:35:30,ACH,
TXN000707,ACC-G0131,ACC-G0156,8901.06,2026-05-14T14:41:54,ACH,
TXN000399,ACC-G0039,ACC-G0092,402.02,2026-05-14T16:06:54,Wire,
TXN000428,ACC-G0131,ACC-G0102,678.6,2026-05-14T17:33:06,ACH,
TXN000221,ACC-G0043,ACC-G0072,2704.74,2026-05-14T17:55:41,Bitcoin,
TXN000961,ACC-G0199,ACC-G0028,2105.84,2026-05-14T18:09:32,ACH,
TXN000308,ACC-G0161,ACC-G0077,4096.49,2026-05-14T18:25:31,ACH,
TXN000754,ACC-G0193,ACC-G0158,552.47,2026-05-14T18:31:55,Reinvestment,
TXN000925,ACC-G0121,ACC-G0196,1815.95,2026-05-14T19:07:31,Credit Card,
TXN000759,ACC-G0048,ACC-G0158,4407.45,2026-05-14T21:08:22,ACH,
TXN001016,ACC-V001,ACC-P002,5400.0,2026-05-14T22:15:00,ACH,victim-history
TXN001104,ACC-XF006,ACC-X007,106330.0,2026-05-14T23:13:00,ACH,stealth-in
TXN000094,ACC-G0082,ACC-G0015,62.47,2026-05-15T05:12:02,Wire,
TXN000597,ACC-G0038,ACC-G0131,418.18,2026-05-15T06:52:14,ACH,
TXN000034,ACC-G0087,ACC-G0003,1106.21,2026-05-15T07:05:20,Credit Card,
TXN001106,ACC-XF008,ACC-X008,119536.0,2026-05-15T09:02:00,ACH,stealth-in
TXN001135,ACC-X005,ACC-X006,87985.44,2026-05-15T10:00:00,ACH,stealth-hop
TXN000300,ACC-G0074,ACC-G0019,18821.39,2026-05-15T10:07:34,Cheque,
TXN000780,ACC-G0159,ACC-G0116,5444.02,2026-05-15T10:11:13,Credit Card,
TXN000161,ACC-G0028,ACC-G0040,1403.54,2026-05-15T10:25:43,Cheque,
TXN000366,ACC-G0076,ACC-G0086,214.33,2026-05-15T10:29:19,Credit Card,
TXN000156,ACC-G0008,ACC-G0027,965.91,2026-05-15T10:51:07,Cheque,
TXN000701,ACC-G0152,ACC-G0157,2907.99,2026-05-15T11:11:16,Wire,
TXN000625,ACC-G0134,ACC-G0030,3802.03,2026-05-15T11:19:49,Wire,
TXN000391,ACC-G0159,ACC-G0089,2089.17,2026-05-15T11:35:16,Cheque,
TXN000023,ACC-G0001,ACC-G0122,1942.23,2026-05-15T11:47:44,Cash,
TXN000670,ACC-G0145,ACC-G0174,587.4,2026-05-15T12:14:09,Wire,
TXN000025,ACC-G0186,ACC-G0002,3580.26,2026-05-15T12:15:54,Cheque,
TXN000465,ACC-G0105,ACC-G0185,942.16,2026-05-15T12:49:19,Cheque,
TXN000623,ACC-G0164,ACC-G0134,235.36,2026-05-15T12:56:02,Cash,
TXN000066,ACC-G0011,ACC-G0008,648.89,2026-05-15T13:39:10,Cheque,
TXN000658,ACC-G0080,ACC-G0140,1885.36,2026-05-15T13:51:30,Cash,
TXN001137,ACC-X003,ACC-X004,54620.22,2026-05-15T14:00:00,ACH,stealth-hop
TXN000249,ACC-G0003,ACC-G0055,1316.61,2026-05-15T14:27:06,Credit Card,
TXN000713,ACC-G0157,ACC-G0135,155.6,2026-05-15T15:04:40,Cheque,
TXN000788,ACC-G0159,ACC-G0108,4992.24,2026-05-15T15:05:32,Cheque,
TXN000630,ACC-G0182,ACC-G0134,1815.37,2026-05-15T15:05:33,Credit Card,
TXN000113,ACC-G0020,ACC-G0100,1007.71,2026-05-15T15:22:08,Cash,
TXN000258,ACC-G0028,ACC-G0059,206.13,2026-05-15T15:44:22,Wire,
TXN001134,ACC-X004,ACC-X005,71696.8,2026-05-15T16:00:00,ACH,stealth-hop
TXN000970,ACC-G0201,ACC-G0050,6266.35,2026-05-15T16:41:05,Wire,
TXN000614,ACC-G0052,ACC-G0134,439.12,2026-05-15T16:52:57,Credit Card,
TXN000498,ACC-G0182,ACC-G0108,432.65,2026-05-15T17:10:06,ACH,
TXN000938,ACC-G0004,ACC-G0196,2053.24,2026-05-15T17:31:46,Wire,
TXN000111,ACC-G0019,ACC-G0199,463.2,2026-05-15T17:35:08,Credit Card,
TXN000760,ACC-G0158,ACC-G0065,868.89,2026-05-15T18:47:37,ACH,
TXN000943,ACC-G0196,ACC-G0119,295.25,2026-05-15T21:33:50,Credit Card,
TXN000398,ACC-G0119,ACC-G0091,1812.88,2026-05-15T23:18:16,Cheque,
TXN001086,ACC-T001,ACC-T002,6540.0,2026-05-16T03:06:00,ACH,ato-history
TXN000921,ACC-G0017,ACC-G0195,3183.57,2026-05-16T03:28:37,ACH,
TXN000203,ACC-G0038,ACC-G0058,479.78,2026-05-16T06:00:44,ACH,
TXN000377,ACC-G0087,ACC-G0103,656.27,2026-05-16T06:40:37,Credit Card,
TXN000722,ACC-G0157,ACC-G0208,9277.0,2026-05-16T08:34:59,Reinvestment,
TXN000246,ACC-G0042,ACC-G0054,3242.08,2026-05-16T08:36:01,Wire,
TXN000187,ACC-G0044,ACC-G0034,956.71,2026-05-16T09:58:21,ACH,
TXN000931,ACC-G0196,ACC-G0143,2394.21,2026-05-16T10:13:35,ACH,
TXN001136,ACC-X002,ACC-X003,56616.76,2026-05-16T11:00:00,ACH,stealth-hop
TXN000383,ACC-G0197,ACC-G0087,554.88,2026-05-16T11:02:34,ACH,
TXN000287,ACC-G0069,ACC-G0014,2124.11,2026-05-16T11:58:09,ACH,
TXN001140,ACC-X007,ACC-X008,78684.2,2026-05-16T12:00:00,ACH,stealth-hop
TXN000870,ACC-G0180,ACC-G0197,6986.1,2026-05-16T12:26:59,Wire,
TXN000539,ACC-G0121,ACC-G0094,3305.89,2026-05-16T12:55:34,Cash,
TXN000618,ACC-G0082,ACC-G0134,249.76,2026-05-16T13:10:12,ACH,
TXN000339,ACC-G0084,ACC-G0156,5474.93,2026-05-16T13:42:16,ACH,
TXN000536,ACC-G0120,ACC-G0102,11270.31,2026-05-16T14:01:49,Cheque,
TXN001156,ACC-X003,ACC-X005,38900.0,2026-05-16T14:20:00,ACH,stealth-chord
TXN000049,ACC-G0035,ACC-G0004,958.67,2026-05-16T14:26:17,ACH,
TXN001138,ACC-X006,ACC-X007,87945.76,2026-05-16T15:00:00,ACH,stealth-hop
TXN000960,ACC-G0028,ACC-G0199,595.72,2026-05-16T15:28:44,Cash,
TXN000093,ACC-G0082,ACC-G0015,333.54,2026-05-16T15:51:08,ACH,
TXN000898,ACC-G0186,ACC-G0032,2588.07,2026-05-16T15:56:21,ACH,
TXN001139,ACC-X004,ACC-X005,69161.81,2026-05-16T16:00:00,ACH,stealth-hop
TXN000412,ACC-G0097,ACC-G0056,2191.65,2026-05-16T16:01:06,Cheque,
TXN001141,ACC-X008,ACC-X001,83675.2,2026-05-16T17:00:00,ACH,stealth-hop
TXN000033,ACC-G0003,ACC-G0087,1802.71,2026-05-16T18:27:43,ACH,
TXN000409,ACC-G0096,ACC-G0210,4232.32,2026-05-16T18:55:10,ACH,
TXN000483,ACC-G0149,ACC-G0108,1681.22,2026-05-16T19:10:14,Wire,
TXN000378,ACC-G0103,ACC-G0087,10503.0,2026-05-16T19:32:07,Wire,
TXN000080,ACC-G0010,ACC-G0180,3139.37,2026-05-16T19:35:59,ACH,
TXN000487,ACC-G0108,ACC-G0140,1644.75,2026-05-16T19:38:02,Cash,
TXN000996,ACC-G0207,ACC-G0054,235.54,2026-05-16T19:45:38,ACH,
TXN000405,ACC-G0118,ACC-G0094,858.31,2026-05-16T20:07:56,Cheque,
TXN000420,ACC-G0029,ACC-G0102,338.44,2026-05-16T20:49:58,Cash,
TXN001017,ACC-V001,ACC-P001,4100.0,2026-05-17T05:42:00,ACH,victim-history
TXN000470,ACC-G0106,ACC-G0135,3050.46,2026-05-17T07:23:32,ACH,
TXN000440,ACC-G0127,ACC-G0103,389.12,2026-05-17T07:32:10,Cheque,
TXN000664,ACC-G0143,ACC-G0068,5995.79,2026-05-17T07:34:22,Cheque,
TXN000397,ACC-G0119,ACC-G0091,1629.26,2026-05-17T07:46:06,Cash,
TXN000699,ACC-G0152,ACC-G0157,576.6,2026-05-17T07:50:17,ACH,
TXN000232,ACC-G0098,ACC-G0048,648.58,2026-05-17T08:01:30,ACH,
TXN000983,ACC-G0109,ACC-G0203,818.7,2026-05-17T09:09:23,Cheque,
TXN000180,ACC-G0165,ACC-G0032,605.06,2026-05-17T09:19:17,ACH,
TXN000273,ACC-G0026,ACC-G0063,778.33,2026-05-17T09:25:18,Credit Card,
TXN001144,ACC-X005,ACC-X006,51621.7,2026-05-17T10:00:00,ACH,stealth-hop
TXN000503,ACC-G0004,ACC-G0110,594.28,2026-05-17T10:02:50,Credit Card,
TXN000980,ACC-G0041,ACC-G0202,1361.33,2026-05-17T11:07:17,ACH,
TXN000158,ACC-G0040,ACC-G0028,278.69,2026-05-17T11:25:42,ACH,
TXN000242,ACC-G0204,ACC-G0053,482.15,2026-05-17T11:38:08,Credit Card,
TXN000911,ACC-G0014,ACC-G0190,1019.19,2026-05-17T12:06:29,Credit Card,
TXN000126,ACC-G0023,ACC-G0064,729.24,2026-05-17T12:56:19,Cheque,
TXN000296,ACC-G0047,ACC-G0073,575.55,2026-05-17T12:57:23,Cheque,
TXN000526,ACC-G0117,ACC-G0092,11347.98,2026-05-17T13:20:50,Cheque,
TXN001145,ACC-X003,ACC-X004,41330.23,2026-05-17T14:00:00,ACH,stealth-hop
TXN000935,ACC-G0136,ACC-G0196,177.21,2026-05-17T14:06:45,ACH,
TXN000631,ACC-G0182,ACC-G0134,1802.12,2026-05-17T14:10:24,Cheque,
TXN001142,ACC-X006,ACC-X007,59830.1,2026-05-17T15:00:00,ACH,stealth-hop
TXN000660,ACC-G0140,ACC-G0113,1291.89,2026-05-17T15:08:13,Credit Card,
TXN001143,ACC-X004,ACC-X005,38234.15,2026-05-17T16:00:00,ACH,stealth-hop
TXN000957,ACC-G0167,ACC-G0198,178.86,2026-05-17T16:06:20,Cheque,
TXN001146,ACC-X008,ACC-X001,55078.94,2026-05-17T17:00:00,ACH,stealth-hop
TXN000432,ACC-G0102,ACC-G0184,4863.02,2026-05-17T17:51:44,ACH,
TXN000134,ACC-G0096,ACC-G0026,1493.24,2026-05-17T18:34:31,Credit Card,
TXN000473,ACC-G0107,ACC-G0005,1438.46,2026-05-17T19:23:24,Cheque,
TXN000356,ACC-G0086,ACC-G0156,2771.67,2026-05-17T19:52:03,Cheque,
TXN000743,ACC-G0157,ACC-G0051,737.79,2026-05-17T22:39:23,Wire,
TXN000693,ACC-G0103,ACC-G0150,1654.81,2026-05-17T22:48:49,ACH,
TXN000367,ACC-G0076,ACC-G0086,791.1,2026-05-17T23:53:53,Cheque,
TXN000512,ACC-G0051,ACC-G0113,485.46,2026-05-18T01:53:16,ACH,
TXN000090,ACC-G0057,ACC-G0014,358.03,2026-05-18T03:55:30,ACH,
TXN001087,ACC-T001,ACC-P001,6730.0,2026-05-18T05:37:00,ACH,ato-history
TXN001149,ACC-X001,ACC-X002,59409.39,2026-05-18T09:00:00,ACH,stealth-hop
TXN000845,ACC-G0126,ACC-G0176,663.22,2026-05-18T09:16:03,ACH,
TXN000540,ACC-G0094,ACC-G0121,7713.48,2026-05-18T09:38:29,Credit Card,
TXN001148,ACC-X005,ACC-X006,49796.5,2026-05-18T10:00:00,ACH,stealth-hop
TXN000120,ACC-G0015,ACC-G0022,495.78,2026-05-18T10:19:30,ACH,
TXN000304,ACC-G0150,ACC-G0075,1625.17,2026-05-18T10:29:06,Wire,
TXN000566,ACC-F006,ACC-G0124,160.61,2026-05-18T11:00:49,Credit Card,
TXN001019,ACC-F001,ACC-M001,162000.0,2026-05-18T11:20:00,Wire,funnel-in
TXN000545,ACC-G0053,ACC-G0121,1336.49,2026-05-18T11:26:56,Credit Card,
TXN000624,ACC-G0030,ACC-G0134,274.33,2026-05-18T11:48:40,Bitcoin,
TXN000832,ACC-G0173,ACC-G0114,310.05,2026-05-18T11:55:34,Cheque,
TXN001147,ACC-X007,ACC-X008,65079.86,2026-05-18T12:00:00,ACH,stealth-hop
TXN000184,ACC-G0160,ACC-G0033,990.7,2026-05-18T12:26:35,Cheque,
TXN000236,ACC-G0050,ACC-G0108,4486.75,2026-05-18T12:29:14,Wire,
TXN000460,ACC-G0073,ACC-G0105,631.87,2026-05-18T12:35:04,ACH,
TXN000674,ACC-G0146,ACC-G0178,363.45,2026-05-18T12:37:26,ACH,
TXN000278,ACC-G0066,ACC-G0175,326.95,2026-05-18T13:09:17,ACH,
TXN000952,ACC-F003,ACC-G0197,13249.33,2026-05-18T14:15:53,Wire,
TXN000190,ACC-G0034,ACC-G0008,223.59,2026-05-18T15:19:16,Cheque,
TXN000766,ACC-G0158,ACC-G0044,414.62,2026-05-18T16:13:08,Bitcoin,
TXN000035,ACC-G0003,ACC-G0087,939.26,2026-05-18T16:24:38,Cheque,
TXN000872,ACC-G0180,ACC-G0166,236.54,2026-05-18T16:29:44,ACH,
TXN000568,ACC-G0124,ACC-G0172,893.06,2026-05-18T18:12:33,Credit Card,
TXN000424,ACC-G0123,ACC-G0102,2277.35,2026-05-18T18:45:47,Cash,
TXN000053,ACC-G0004,ACC-G0189,536.83,2026-05-18T18:51:22,ACH,
TXN000991,ACC-G0205,ACC-G0105,2462.02,2026-05-18T19:45:31,Wire,
TXN000211,ACC-G0002,ACC-G0041,551.16,2026-05-18T20:27:11,Credit Card,
TXN000683,ACC-G0205,ACC-G0148,408.88,2026-05-19T01:32:25,Wire,
TXN000317,ACC-G0080,ACC-G0009,1117.72,2026-05-19T05:44:22,Cash,
TXN000874,ACC-G0180,ACC-G0166,1640.95,2026-05-19T07:10:15,Cheque,
TXN000840,ACC-G0077,ACC-G0175,1242.54,2026-05-19T07:44:04,Wire,
TXN000285,ACC-G0069,ACC-G0014,511.11,2026-05-19T08:10:16,Wire,
TXN000609,ACC-G0134,ACC-G0138,1192.1,2026-05-19T08:19:58,Credit Card,
TXN001152,ACC-X001,ACC-X002,39106.05,2026-05-19T09:00:00,ACH,stealth-hop
TXN000088,ACC-G0123,ACC-G0013,2174.33,2026-05-19T09:09:18,Cheque,
TXN000564,ACC-F006,ACC-G0124,334.66,2026-05-19T09:22:20,Credit Card,
TXN000727,ACC-G0100,ACC-G0157,1762.7,2026-05-19T09:24:04,Wire,
TXN000044,ACC-G0066,ACC-G0003,6221.97,2026-05-19T09:27:54,Credit Card,
TXN001157,ACC-X005,ACC-X007,36200.0,2026-05-19T10:20:00,ACH,stealth-chord
TXN000463,ACC-G0187,ACC-G0105,962.92,2026-05-19T11:20:27,ACH,
TXN000497,ACC-G0182,ACC-G0108,1720.03,2026-05-19T11:45:25,Credit Card,
TXN000708,ACC-G0156,ACC-G0131,1611.76,2026-05-19T11:49:43,Credit Card,
TXN001151,ACC-X007,ACC-X008,44274.27,2026-05-19T12:00:00,ACH,stealth-hop
TXN000836,ACC-G0091,ACC-G0174,475.15,2026-05-19T12:35:54,ACH,
TXN000468,ACC-G0181,ACC-G0105,976.55,2026-05-19T12:37:13,Cash,
TXN000411,ACC-G0056,ACC-G0097,3628.59,2026-05-19T12:54:31,Cheque,
TXN000205,ACC-G0039,ACC-G0107,5098.3,2026-05-19T13:02:59,ACH,
TXN001018,ACC-V001,ACC-P002,4910.0,2026-05-19T13:09:00,ACH,victim-history
TXN000610,ACC-G0134,ACC-G0138,3755.25,2026-05-19T13:51:12,Wire,
TXN000439,ACC-G0184,ACC-G0103,600.51,2026-05-19T14:04:50,Credit Card,
TXN001020,ACC-F002,ACC-M001,158500.0,2026-05-19T14:05:00,Wire,funnel-in
TXN000616,ACC-G0052,ACC-G0134,607.32,2026-05-19T14:38:14,ACH,
TXN000827,ACC-G0136,ACC-G0171,458.47,2026-05-19T14:48:50,Wire,
TXN001150,ACC-X006,ACC-X007,35102.76,2026-05-19T15:00:00,ACH,stealth-hop
TXN000472,ACC-G0106,ACC-G0135,583.87,2026-05-19T15:09:47,Credit Card,
TXN000635,ACC-G0135,ACC-F002,1183.46,2026-05-19T15:29:26,Cheque,
TXN000971,ACC-G0050,ACC-G0201,1971.42,2026-05-19T15:49:45,ACH,
TXN000476,ACC-G0107,ACC-G0051,178.58,2026-05-19T15:53:04,Cheque,
TXN000652,ACC-G0132,ACC-G0140,4491.24,2026-05-19T16:20:35,Cheque,
TXN000247,ACC-G0055,ACC-G0003,748.44,2026-05-19T16:49:31,Cheque,
TXN000923,ACC-G0196,ACC-G0121,442.85,2026-05-19T16:59:43,Cash,
TXN001154,ACC-X008,ACC-X001,45555.9,2026-05-19T17:00:00,ACH,stealth-hop
TXN000712,ACC-G0157,ACC-G0075,308.31,2026-05-19T17:11:57,ACH,
TXN000223,ACC-G0044,ACC-G0097,770.43,2026-05-19T17:20:24,ACH,
TXN000709,ACC-G0131,ACC-G0156,525.42,2026-05-19T17:33:21,Credit Card,
TXN000662,ACC-G0006,ACC-G0142,707.15,2026-05-19T17:40:57,ACH,
TXN000677,ACC-G0035,ACC-G0147,787.29,2026-05-19T18:07:37,Credit Card,
TXN000193,ACC-G0035,ACC-G0137,1596.85,2026-05-19T18:31:35,Credit Card,
TXN000899,ACC-G0186,ACC-G0026,800.7,2026-05-19T20:06:53,Cheque,
TXN000927,ACC-G0183,ACC-G0196,1795.01,2026-05-19T20:21:58,Credit Card,
TXN000318,ACC-G0009,ACC-G0080,411.11,2026-05-19T21:53:51,Cash,
TXN000390,ACC-G0159,ACC-G0089,263.13,2026-05-20T06:03:42,ACH,
TXN000244,ACC-G0042,ACC-G0054,1365.74,2026-05-20T06:22:00,Cheque,
TXN001088,ACC-T001,ACC-P001,6920.0,2026-05-20T08:08:00,ACH,ato-history
TXN000345,ACC-P001,ACC-G0085,2078.3,2026-05-20T08:48:28,ACH,
TXN000059,ACC-G0005,ACC-F005,1923.26,2026-05-20T08:48:41,ACH,
TXN000122,ACC-G0022,ACC-G0015,2448.99,2026-05-20T08:55:45,Cheque,
TXN000310,ACC-G0161,ACC-G0077,2458.63,2026-05-20T09:18:31,Cheque,
TXN000529,ACC-G0019,ACC-G0119,3750.65,2026-05-20T09:36:41,Credit Card,
TXN001021,ACC-F003,ACC-M001,171000.0,2026-05-20T09:40:00,Wire,funnel-in
TXN000975,ACC-G0041,ACC-G0201,2620.47,2026-05-20T10:37:02,Cheque,
TXN000368,ACC-G0076,ACC-G0086,1671.94,2026-05-20T10:43:06,Cheque,
TXN000915,ACC-G0042,ACC-G0192,1954.6,2026-05-20T10:43:06,Cheque,
TXN000272,ACC-G0026,ACC-G0063,2903.16,2026-05-20T10:44:01,Wire,
TXN000327,ACC-G0051,ACC-G0080,1616.54,2026-05-20T10:51:39,ACH,
TXN001153,ACC-X002,ACC-X003,40992.48,2026-05-20T11:00:00,ACH,stealth-hop
TXN000500,ACC-G0094,ACC-G0109,2158.23,2026-05-20T12:04:16,ACH,
TXN000750,ACC-G0158,ACC-G0113,579.21,2026-05-20T12:24:23,ACH,
TXN000789,ACC-G0159,ACC-G0184,1483.14,2026-05-20T13:03:58,Credit Card,
TXN000549,ACC-G0122,ACC-G0111,149.93,2026-05-20T13:20:01,ACH,
TXN000809,ACC-G0205,ACC-G0167,908.46,2026-05-20T13:21:11,Credit Card,
TXN000227,ACC-G0060,ACC-G0046,1352.33,2026-05-20T13:25:34,Cheque,
TXN000849,ACC-G0176,ACC-G0102,358.03,2026-05-20T13:42:48,Cheque,
TXN000972,ACC-G0050,ACC-G0201,897.87,2026-05-20T13:48:03,Bitcoin,
TXN000681,ACC-G0148,ACC-G0193,476.32,2026-05-20T14:12:13,Credit Card,
TXN000186,ACC-G0034,ACC-G0044,3392.09,2026-05-20T14:55:04,ACH,
TXN001009,ACC-P002,ACC-G0195,1373.05,2026-05-20T15:04:06,Credit Card,
TXN000252,ACC-G0059,ACC-G0056,1123.87,2026-05-20T15:10:39,ACH,
TXN000351,ACC-G0086,ACC-G0046,1094.54,2026-05-20T15:25:02,Cheque,
TXN000006,ACC-G0087,ACC-F003,3961.81,2026-05-20T15:31:58,Credit Card,
TXN000807,ACC-G0143,ACC-G0165,873.85,2026-05-20T15:33:54,Cheque,
TXN000878,ACC-G0180,ACC-G0059,5194.28,2026-05-20T15:58:05,Bitcoin,
TXN000601,ACC-G0084,ACC-G0131,1459.63,2026-05-20T16:09:44,Credit Card,
TXN000148,ACC-G0027,ACC-G0143,4502.1,2026-05-20T16:15:15,ACH,
TXN000799,ACC-G0166,ACC-G0162,1325.33,2026-05-20T16:37:30,Credit Card,
TXN000001,ACC-F001,ACC-G0163,1447.5,2026-05-20T16:41:05,Wire,
TXN000914,ACC-G0059,ACC-G0191,233.92,2026-05-20T17:21:58,Wire,
TXN000133,ACC-G0025,ACC-G0032,345.98,2026-05-20T19:08:20,Cash,
TXN000667,ACC-G0144,ACC-G0081,1901.35,2026-05-20T19:40:53,Credit Card,
TXN000887,ACC-G0183,ACC-G0029,2026.84,2026-05-20T20:51:38,Credit Card,
TXN000719,ACC-G0157,ACC-G0208,1645.61,2026-05-21T00:02:42,Cheque,
TXN001001,ACC-G0208,ACC-G0168,259.17,2026-05-21T06:20:27,Wire,
TXN000024,ACC-G0186,ACC-G0002,809.15,2026-05-21T07:31:39,Cheque,
TXN000711,ACC-G0075,ACC-G0157,1701.55,2026-05-21T08:07:05,Wire,
TXN000904,ACC-G0188,ACC-G0017,311.85,2026-05-21T08:19:31,Wire,
TXN000648,ACC-G0138,ACC-G0140,1594.07,2026-05-21T09:18:16,Wire,
TXN000873,ACC-G0180,ACC-G0166,2941.37,2026-05-21T09:28:50,Credit Card,
TXN000494,ACC-G0108,ACC-F005,1366.9,2026-05-21T09:51:20,Cheque,
TXN000919,ACC-G0204,ACC-G0194,8701.22,2026-05-21T09:53:40,Wire,
TXN000557,ACC-G0123,ACC-G0063,490.83,2026-05-21T10:23:56,ACH,
TXN000608,ACC-G0095,ACC-G0133,148.1,2026-05-21T10:24:56,Reinvestment,
TXN000413,ACC-G0136,ACC-G0098,2609.51,2026-05-21T10:32:35,ACH,
TXN000263,ACC-G0060,ACC-G0050,2805.48,2026-05-21T11:05:23,Credit Card,
TXN000096,ACC-G0016,ACC-G0076,958.37,2026-05-21T11:07:51,Cheque,
TXN000084,ACC-G0001,ACC-G0011,1199.15,2026-05-21T11:09:08,ACH,
TXN000751,ACC-G0113,ACC-G0158,1660.3,2026-05-21T11:17:12,Cheque,
TXN000604,ACC-G0165,ACC-G0132,12030.09,2026-05-21T11:24:32,Bitcoin,
TXN000022,ACC-G0054,ACC-F006,463.34,2026-05-21T12:08:02,Cash,
TXN000726,ACC-F004,ACC-G0157,891.6,2026-05-21T12:12:08,ACH,
TXN000451,ACC-G0103,ACC-G0005,1139.22,2026-05-21T12:20:01,Cheque,
TXN000502,ACC-G0004,ACC-G0110,9025.12,2026-05-21T13:00:12,Wire,
TXN000245,ACC-G0054,ACC-G0042,402.91,2026-05-21T13:43:31,Cheque,
TXN000060,ACC-F005,ACC-G0005,2222.99,2026-05-21T13:48:36,Wire,
TXN000645,ACC-G0140,ACC-G0138,5613.06,2026-05-21T13:51:11,Cash,
TXN000541,ACC-G0074,ACC-G0121,9919.85,2026-05-21T13:58:22,Cheque,
TXN000594,ACC-G0130,ACC-G0003,351.03,2026-05-21T14:35:39,Reinvestment,
TXN000466,ACC-G0105,ACC-G0185,116.18,2026-05-21T14:53:17,Wire,
TXN000679,ACC-G0148,ACC-G0193,2486.9,2026-05-21T15:05:13,Wire,
TXN000181,ACC-G0165,ACC-G0032,7656.54,2026-05-21T15:35:31,ACH,
TXN001022,ACC-F004,ACC-M001,155200.0,2026-05-21T16:15:00,Wire,funnel-in
TXN000331,ACC-G0083,ACC-G0122,124.17,2026-05-21T17:14:10,Cheque,
TXN000571,ACC-G0125,ACC-G0044,1139.04,2026-05-21T18:42:31,Cheque,
TXN000162,ACC-G0152,ACC-G0028,6640.47,2026-05-21T20:18:23,Credit Card,
TXN001006,ACC-G0103,ACC-G0209,3200.29,2026-05-21T20:53:16,ACH,
TXN000196,ACC-G0137,ACC-G0035,7208.27,2026-05-21T21:33:02,Wire,
TXN000007,ACC-F003,ACC-G0087,530.54,2026-05-22T01:51:29,Cash,
TXN000364,ACC-G0148,ACC-G0086,303.96,2026-05-22T01:58:08,Credit Card,
TXN000454,ACC-G0104,ACC-G0108,3874.04,2026-05-22T05:10:34,ACH,
TXN000135,ACC-G0026,ACC-G0096,1886.64,2026-05-22T07:26:37,ACH,
TXN000471,ACC-G0106,ACC-G0135,28955.16,2026-05-22T08:32:08,Cheque,
TXN001089,ACC-T001,ACC-T002,7110.0,2026-05-22T09:39:00,ACH,ato-history
TXN000607,ACC-G0133,ACC-G0095,892.89,2026-05-22T11:40:19,ACH,
TXN000653,ACC-G0140,ACC-G0132,1960.81,2026-05-22T11:58:56,Wire,
TXN000270,ACC-G0062,ACC-G0053,780.56,2026-05-22T12:13:05,Cash,
TXN001158,ACC-X007,ACC-X001,34800.0,2026-05-22T12:20:00,ACH,stealth-chord
TXN000875,ACC-G0056,ACC-G0180,3084.49,2026-05-22T12:20:28,Cheque,
TXN001023,ACC-F005,ACC-M001,166400.0,2026-05-22T12:50:00,Wire,funnel-in
TXN000530,ACC-G0119,ACC-G0019,1486.08,2026-05-22T13:49:47,Cheque,
TXN000735,ACC-G0157,ACC-G0171,9341.41,2026-05-22T14:08:20,Wire,
TXN000854,ACC-G0177,ACC-G0127,1035.92,2026-05-22T14:25:15,ACH,
TXN000067,ACC-G0011,ACC-G0008,268.13,2026-05-22T14:50:40,Credit Card,
TXN000280,ACC-G0175,ACC-G0066,274.95,2026-05-22T15:19:44,Cheque,
TXN000142,ACC-G0194,ACC-G0027,2328.74,2026-05-22T15:44:16,Credit Card,
TXN000286,ACC-G0014,ACC-G0069,3435.9,2026-05-22T16:14:47,Cheque,
TXN000019,ACC-F006,ACC-G0054,353.06,2026-05-22T16:16:37,Cheque,
TXN000513,ACC-G0113,ACC-G0051,2124.39,2026-05-22T16:21:04,Credit Card,
TXN000427,ACC-F002,ACC-G0102,297.18,2026-05-22T16:43:47,Cash,
TXN000946,ACC-G0032,ACC-G0197,870.92,2026-05-22T16:55:19,Credit Card,
TXN000005,ACC-F003,ACC-G0087,1265.47,2026-05-22T17:10:11,ACH,
TXN000714,ACC-G0135,ACC-G0157,1501.49,2026-05-22T17:20:16,ACH,
TXN000632,ACC-G0092,ACC-G0134,4293.33,2026-05-22T18:10:55,ACH,
TXN000239,ACC-G0052,ACC-G0200,1457.78,2026-05-22T18:33:40,Cheque,
TXN000208,ACC-F005,ACC-G0040,392.49,2026-05-22T19:21:24,Credit Card,
TXN000989,ACC-G0066,ACC-G0205,952.5,2026-05-22T22:21:13,Cheque,
TXN000606,ACC-G0132,ACC-G0165,5130.76,2026-05-23T04:15:59,Cheque,
TXN000121,ACC-G0015,ACC-G0022,423.9,2026-05-23T06:28:26,Cheque,
TXN000138,ACC-G0196,ACC-G0027,380.3,2026-05-23T07:01:28,Cheque,
TXN000065,ACC-G0008,ACC-G0011,2835.66,2026-05-23T07:41:11,ACH,
TXN000282,ACC-G0067,ACC-G0185,2860.99,2026-05-23T08:00:10,Cheque,
TXN000140,ACC-G0196,ACC-G0027,403.26,2026-05-23T08:13:35,Cheque,
TXN000527,ACC-G0118,ACC-G0141,1138.66,2026-05-23T08:13:52,ACH,
TXN000908,ACC-G0126,ACC-G0189,577.88,2026-05-23T08:31:33,Credit Card,
TXN000990,ACC-G0205,ACC-G0105,499.61,2026-05-23T08:59:00,Credit Card,
TXN000590,ACC-G0130,ACC-G0181,473.81,2026-05-23T09:03:43,Credit Card,
TXN000676,ACC-G0035,ACC-G0147,464.01,2026-05-23T09:42:42,ACH,
TXN000881,ACC-G0182,ACC-G0167,4468.76,2026-05-23T09:55:52,Wire,
TXN000004,ACC-F002,ACC-G0005,509.1,2026-05-23T10:01:02,Cheque,
TXN000705,ACC-G0155,ACC-G0188,269.21,2026-05-23T11:16:09,Cheque,
TXN000228,ACC-G0060,ACC-G0046,782.65,2026-05-23T12:02:50,Bitcoin,
TXN000415,ACC-G0082,ACC-G0099,230.72,2026-05-23T12:06:48,Credit Card,
TXN000100,ACC-G0016,ACC-G0127,1185.19,2026-05-23T12:44:28,Cheque,
TXN000626,ACC-G0134,ACC-G0017,595.65,2026-05-23T13:09:29,Wire,
TXN000144,ACC-G0027,ACC-G0194,5267.69,2026-05-23T13:30:22,Credit Card,
TXN000895,ACC-G0185,ACC-G0121,1732.34,2026-05-23T14:29:31,ACH,
TXN001024,ACC-V001,ACC-P001,95000.0,2026-05-23T15:00:00,Wire,scam-s3
TXN000392,ACC-G0089,ACC-G0159,1436.94,2026-05-23T15:00:19,Cheque,
TXN001000,ACC-G0044,ACC-G0208,664.97,2026-05-23T15:39:16,Credit Card,
TXN000917,ACC-G0204,ACC-G0194,420.0,2026-05-23T15:51:19,ACH,
TXN000639,ACC-G0168,ACC-G0136,580.05,2026-05-23T16:36:50,Credit Card,
TXN000617,ACC-G0134,ACC-G0033,674.36,2026-05-23T17:08:32,Wire,
TXN000430,ACC-G0131,ACC-G0102,617.93,2026-05-23T17:13:48,Cheque,
TXN000552,ACC-G0111,ACC-G0122,400.18,2026-05-23T17:21:05,Wire,
TXN000665,ACC-G0143,ACC-G0068,1413.37,2026-05-23T17:36:15,ACH,
TXN000879,ACC-G0180,ACC-G0059,1497.44,2026-05-23T18:03:25,Credit Card,
TXN000846,ACC-G0102,ACC-G0176,155.62,2026-05-23T18:06:37,Cheque,
TXN000800,ACC-G0166,ACC-G0162,489.32,2026-05-23T18:23:32,Credit Card,
TXN000758,ACC-G0158,ACC-G0164,232.8,2026-05-23T18:28:31,ACH,
TXN000479,ACC-G0107,ACC-G0120,1846.7,2026-05-23T18:42:14,Cheque,
TXN000385,ACC-G0079,ACC-G0087,659.46,2026-05-23T19:19:08,ACH,
TXN001025,ACC-V001,ACC-P002,110000.0,2026-05-23T19:30:00,Wire,scam-s3
TXN000779,ACC-G0116,ACC-G0159,785.42,2026-05-23T19:50:09,ACH,
TXN000365,ACC-G0086,ACC-G0061,142.72,2026-05-23T21:41:17,Cheque,
TXN000918,ACC-G0194,ACC-G0204,2614.93,2026-05-23T22:54:01,ACH,
TXN000326,ACC-G0080,ACC-G0051,4595.34,2026-05-24T00:44:36,Cheque,
TXN001026,ACC-V001,ACC-M001,275000.0,2026-05-24T06:00:00,Wire,scam-s1
TXN001027,ACC-M001,ACC-M002,210000.0,2026-05-24T07:30:00,Wire,mule-out
TXN000576,ACC-G0181,ACC-G0128,307.39,2026-05-24T07:40:36,Cheque,
TXN000333,ACC-G0083,ACC-G0122,2073.33,2026-05-24T07:57:05,Cheque,
TXN000700,ACC-G0157,ACC-G0152,1053.8,2026-05-24T08:11:58,Credit Card,
TXN000525,ACC-G0117,ACC-G0092,965.53,2026-05-24T08:51:00,ACH,
TXN001028,ACC-M001,ACC-M003,195000.0,2026-05-24T09:45:00,Wire,mule-out
TXN000515,ACC-G0113,ACC-G0169,8434.52,2026-05-24T09:47:15,Cash,
TXN000408,ACC-G0095,ACC-G0061,956.21,2026-05-24T10:22:42,Credit Card,
TXN000585,ACC-F001,ACC-G0130,801.57,2026-05-24T10:30:11,Cheque,
TXN000040,ACC-G0003,ACC-G0097,1939.28,2026-05-24T11:08:35,ACH,
TXN000057,ACC-G0005,ACC-G0006,9387.51,2026-05-24T11:21:49,ACH,
TXN000891,ACC-F002,ACC-G0184,1746.52,2026-05-24T11:27:18,Cash,
TXN001029,ACC-M001,ACC-R001,235000.0,2026-05-24T12:10:00,Wire,mule-out
TXN000225,ACC-G0097,ACC-G0044,662.04,2026-05-24T12:45:13,Cheque,
TXN000191,ACC-G0008,ACC-G0034,159.94,2026-05-24T12:53:20,Cash,
TXN000627,ACC-G0134,ACC-G0017,14454.24,2026-05-24T13:11:49,Credit Card,
TXN000600,ACC-G0131,ACC-G0038,438.81,2026-05-24T13:13:34,Cheque,
TXN000047,ACC-G0003,ACC-G0027,1000.0,2026-05-24T13:24:26,Cheque,
TXN001033,ACC-M002,ACC-R004,178000.0,2026-05-24T13:40:00,Wire,mule-out
TXN000336,ACC-G0092,ACC-G0083,1412.75,2026-05-24T13:42:18,ACH,
TXN000431,ACC-G0184,ACC-G0102,7715.68,2026-05-24T14:14:47,Credit Card,
TXN000783,ACC-G0159,ACC-G0102,1835.09,2026-05-24T14:32:21,Credit Card,
TXN000998,ACC-G0207,ACC-G0054,427.71,2026-05-24T14:43:38,Credit Card,
TXN000730,ACC-G0020,ACC-G0157,3221.65,2026-05-24T14:59:04,ACH,
TXN000703,ACC-G0093,ACC-G0154,1678.52,2026-05-24T15:13:36,Credit Card,
TXN001030,ACC-M001,ACC-R002,165000.0,2026-05-24T15:20:00,Wire,mule-out
TXN000219,ACC-G0072,ACC-G0043,205.15,2026-05-24T15:38:39,ACH,
TXN000417,ACC-G0022,ACC-G0100,143.5,2026-05-24T16:06:16,Credit Card,
TXN000950,ACC-G0197,ACC-F003,398.65,2026-05-24T16:08:33,Reinvestment,
TXN001034,ACC-M003,ACC-R005,166000.0,2026-05-24T16:25:00,Wire,mule-out
TXN000861,ACC-G0179,ACC-G0025,2796.21,2026-05-24T16:59:27,ACH,
TXN000555,ACC-G0123,ACC-G0009,510.53,2026-05-24T17:33:42,Bitcoin,
TXN000493,ACC-F005,ACC-G0108,1204.83,2026-05-24T17:36:33,ACH,
TXN000375,ACC-G0086,ACC-G0012,188.99,2026-05-24T17:48:58,ACH,
TXN000721,ACC-G0157,ACC-G0208,3310.27,2026-05-24T17:50:04,Cheque,
TXN001031,ACC-M001,ACC-R003,141650.0,2026-05-24T18:00:00,Wire,mule-out
TXN000506,ACC-G0065,ACC-G0111,4312.07,2026-05-24T18:58:37,Cheque,
TXN000688,ACC-G0149,ACC-G0076,1457.09,2026-05-24T19:42:27,Bitcoin,
TXN000850,ACC-G0155,ACC-G0177,2389.28,2026-05-24T20:17:59,Credit Card,
TXN000573,ACC-G0127,ACC-G0114,923.02,2026-05-24T20:26:52,Cheque,
TXN000209,ACC-G0049,ACC-G0040,1019.46,2026-05-24T22:03:06,Cheque,
TXN000163,ACC-G0028,ACC-G0152,1887.52,2026-05-24T23:23:26,Credit Card,
TXN000071,ACC-G0150,ACC-G0009,428.47,2026-05-24T23:58:33,ACH,
TXN000901,ACC-G0187,ACC-G0112,789.16,2026-05-24T23:58:51,Credit Card,
TXN000816,ACC-G0182,ACC-G0169,8392.45,2026-05-25T02:13:45,ACH,
TXN000178,ACC-G0170,ACC-G0032,154.73,2026-05-25T06:32:18,ACH,
TXN000276,ACC-G0135,ACC-G0065,755.29,2026-05-25T07:37:04,ACH,
TXN000936,ACC-G0136,ACC-G0196,2961.17,2026-05-25T08:06:50,Credit Card,
TXN000748,ACC-G0158,ACC-G0051,770.57,2026-05-25T08:14:06,ACH,
TXN000081,ACC-G0180,ACC-G0010,2120.32,2026-05-25T08:28:57,Cheque,
TXN000782,ACC-G0159,ACC-G0102,16768.07,2026-05-25T08:29:59,Cheque,
TXN000488,ACC-G0140,ACC-G0108,1840.59,2026-05-25T08:30:42,ACH,
TXN001032,ACC-F006,ACC-M001,159800.0,2026-05-25T09:00:00,Wire,funnel-in
TXN000370,ACC-G0086,ACC-G0182,3313.58,2026-05-25T09:03:51,Wire,
TXN000588,ACC-G0130,ACC-G0181,2054.49,2026-05-25T09:41:54,Credit Card,
TXN001037,ACC-R006,ACC-R001,102000.0,2026-05-25T10:00:00,ACH,ring-collect
TXN001038,ACC-R007,ACC-R001,98500.0,2026-05-25T10:12:00,ACH,ring-collect
TXN001039,ACC-R008,ACC-R001,105400.0,2026-05-25T10:24:00,ACH,ring-collect
TXN000634,ACC-G0169,ACC-G0134,1331.12,2026-05-25T10:29:31,Wire,
TXN001040,ACC-R009,ACC-R001,96800.0,2026-05-25T10:36:00,ACH,ring-collect
TXN001041,ACC-R010,ACC-R001,101300.0,2026-05-25T10:48:00,ACH,ring-collect
TXN001042,ACC-R011,ACC-R001,99700.0,2026-05-25T11:00:00,ACH,ring-collect
TXN000123,ACC-G0015,ACC-G0022,630.04,2026-05-25T11:35:06,Cheque,
TXN000673,ACC-G0145,ACC-G0114,3966.64,2026-05-25T11:36:08,Cheque,
TXN000663,ACC-G0068,ACC-G0143,524.74,2026-05-25T12:07:17,ACH,
TXN000968,ACC-G0201,ACC-G0067,3478.87,2026-05-25T12:28:09,Wire,
TXN000717,ACC-G0157,ACC-G0168,4692.15,2026-05-25T12:39:41,ACH,
TXN000164,ACC-G0152,ACC-G0028,1985.22,2026-05-25T13:42:52,ACH,
TXN000973,ACC-G0050,ACC-G0201,827.72,2026-05-25T13:57:01,ACH,
TXN001047,ACC-R002,ACC-R003,89100.0,2026-05-25T14:04:00,ACH,ring-cycle
TXN001048,ACC-R003,ACC-R004,90200.0,2026-05-25T14:08:00,ACH,ring-cycle
TXN001049,ACC-R004,ACC-R005,91300.0,2026-05-25T14:12:00,ACH,ring-cycle
TXN001050,ACC-R005,ACC-R006,92400.0,2026-05-25T14:16:00,ACH,ring-cycle
TXN001051,ACC-R006,ACC-R007,93500.0,2026-05-25T14:20:00,ACH,ring-cycle
TXN001052,ACC-R007,ACC-R008,94600.0,2026-05-25T14:24:00,ACH,ring-cycle
TXN001053,ACC-R008,ACC-R009,95700.0,2026-05-25T14:28:00,ACH,ring-cycle
TXN000139,ACC-G0027,ACC-G0196,787.06,2026-05-25T14:30:55,Wire,
TXN001054,ACC-R009,ACC-R010,96800.0,2026-05-25T14:32:00,ACH,ring-cycle
TXN000591,ACC-G0003,ACC-G0130,807.69,2026-05-25T14:32:05,ACH,
TXN001055,ACC-R010,ACC-R011,97900.0,2026-05-25T14:36:00,ACH,ring-cycle
TXN001056,ACC-R011,ACC-R001,99000.0,2026-05-25T14:40:00,ACH,ring-cycle
TXN000435,ACC-G0007,ACC-G0102,759.66,2026-05-25T14:47:38,ACH,
TXN000092,ACC-G0057,ACC-G0014,4736.75,2026-05-25T14:48:21,ACH,
TXN001036,ACC-R001,ACC-B001,92000.0,2026-05-25T15:00:00,Wire,proximity-link
TXN000589,ACC-G0130,ACC-G0181,946.38,2026-05-25T15:03:19,Cheque,
TXN000095,ACC-G0076,ACC-G0016,519.54,2026-05-25T15:18:22,Wire,
TXN000179,ACC-G0170,ACC-G0032,317.29,2026-05-25T15:20:15,ACH,
TXN000489,ACC-G0140,ACC-G0108,3818.34,2026-05-25T15:27:33,Cheque,
TXN000085,ACC-G0001,ACC-G0011,143.09,2026-05-25T16:28:39,ACH,
TXN000429,ACC-G0102,ACC-G0131,838.04,2026-05-25T17:18:43,ACH,
TXN000860,ACC-G0179,ACC-G0025,4504.42,2026-05-25T17:21:53,Credit Card,
TXN000669,ACC-G0081,ACC-G0144,2736.06,2026-05-25T17:36:08,ACH,
TXN000724,ACC-G0012,ACC-G0157,371.37,2026-05-25T17:41:12,ACH,
TXN000254,ACC-G0058,ACC-G0127,886.91,2026-05-25T17:58:03,Reinvestment,
TXN001043,ACC-R001,ACC-E001,214000.0,2026-05-25T18:10:00,Wire,ring-out
TXN000934,ACC-G0136,ACC-G0196,1859.98,2026-05-25T19:17:57,ACH,
TXN001044,ACC-R001,ACC-E002,198000.0,2026-05-25T20:35:00,Wire,ring-out
TXN001045,ACC-R001,ACC-E001,187000.0,2026-05-25T22:15:00,Wire,ring-out
TXN000554,ACC-G0123,ACC-G0009,1338.09,2026-05-25T22:15:47,Reinvestment,
TXN000784,ACC-G0159,ACC-G0102,13538.58,2026-05-25T22:36:42,ACH,
TXN001046,ACC-R001,ACC-E002,112000.0,2026-05-26T03:40:00,Wire,ring-out
TXN000167,ACC-G0142,ACC-G0030,3850.76,2026-05-26T06:08:32,Cheque,
TXN000402,ACC-G0118,ACC-G0094,619.66,2026-05-26T08:08:44,Credit Card,
TXN001077,ACC-R007,ACC-R008,96000.0,2026-05-26T09:20:00,ACH,ring-roundtrip
TXN000418,ACC-G0101,ACC-G0095,1341.66,2026-05-26T09:21:06,Wire,
TXN000464,ACC-G0105,ACC-G0187,651.96,2026-05-26T09:47:41,Cheque,
TXN000942,ACC-G0196,ACC-G0119,1246.95,2026-05-26T09:51:27,Cheque,
TXN000528,ACC-G0119,ACC-G0019,474.27,2026-05-26T10:01:26,ACH,
TXN000742,ACC-G0157,ACC-G0051,5638.38,2026-05-26T10:26:00,Credit Card,
TXN000584,ACC-G0130,ACC-G0096,584.94,2026-05-26T10:36:25,Credit Card,
TXN000988,ACC-G0066,ACC-G0205,276.86,2026-05-26T10:43:21,Credit Card,
TXN000804,ACC-G0164,ACC-G0014,494.04,2026-05-26T10:43:44,Credit Card,
TXN000307,ACC-G0161,ACC-G0077,7842.85,2026-05-26T11:02:29,ACH,
TXN000907,ACC-G0048,ACC-G0188,1090.15,2026-05-26T11:11:27,Credit Card,
TXN000775,ACC-G0028,ACC-G0159,2975.24,2026-05-26T11:37:42,Credit Card,
TXN000967,ACC-G0067,ACC-G0201,1067.87,2026-05-26T11:53:46,Wire,
TXN000388,ACC-G0182,ACC-G0088,686.52,2026-05-26T12:14:14,Credit Card,
TXN000847,ACC-G0176,ACC-G0102,157.34,2026-05-26T13:27:13,Cheque,
TXN000098,ACC-G0016,ACC-G0076,105.9,2026-05-26T13:51:05,Credit Card,
TXN001057,ACC-R002,ACC-R003,91500.0,2026-05-26T14:04:00,ACH,ring-cycle
TXN001058,ACC-R003,ACC-R004,92600.0,2026-05-26T14:08:00,ACH,ring-cycle
TXN001059,ACC-R004,ACC-R005,93700.0,2026-05-26T14:12:00,ACH,ring-cycle
TXN000064,ACC-G0007,ACC-G0144,812.16,2026-05-26T14:12:20,Credit Card,
TXN001060,ACC-R005,ACC-R006,94800.0,2026-05-26T14:16:00,ACH,ring-cycle
TXN001061,ACC-R006,ACC-R007,95900.0,2026-05-26T14:20:00,ACH,ring-cycle
TXN001062,ACC-R007,ACC-R008,97000.0,2026-05-26T14:24:00,ACH,ring-cycle
TXN000647,ACC-G0140,ACC-G0138,2515.03,2026-05-26T14:26:26,ACH,
TXN001063,ACC-R008,ACC-R009,98100.0,2026-05-26T14:28:00,ACH,ring-cycle
TXN001064,ACC-R009,ACC-R010,99200.0,2026-05-26T14:32:00,ACH,ring-cycle
TXN001065,ACC-R010,ACC-R011,100300.0,2026-05-26T14:36:00,ACH,ring-cycle
TXN001066,ACC-R011,ACC-R001,101400.0,2026-05-26T14:40:00,ACH,ring-cycle
TXN000484,ACC-G0149,ACC-G0108,5632.03,2026-05-26T14:49:11,Credit Card,
TXN000562,ACC-G0123,ACC-G0013,1725.66,2026-05-26T15:22:51,Cash,
TXN000866,ACC-G0180,ACC-G0171,3480.62,2026-05-26T15:34:55,ACH,
TXN000969,ACC-G0201,ACC-G0067,4233.56,2026-05-26T15:39:26,Cheque,
TXN000213,ACC-G0041,ACC-G0002,1067.73,2026-05-26T15:47:24,Cheque,
TXN000226,ACC-G0173,ACC-G0045,323.2,2026-05-26T17:43:31,ACH,
TXN000992,ACC-G0105,ACC-G0205,1264.85,2026-05-26T19:41:04,Cheque,
TXN000456,ACC-G0108,ACC-G0104,142.3,2026-05-26T19:41:23,Bitcoin,
TXN001078,ACC-R008,ACC-R009,93500.0,2026-05-26T20:05:00,ACH,ring-roundtrip
TXN000547,ACC-G0058,ACC-G0121,6048.52,2026-05-26T20:51:44,Credit Card,
TXN000444,ACC-G0103,ACC-G0025,6284.83,2026-05-26T21:24:16,Cheque,
TXN000274,ACC-G0026,ACC-G0063,4520.51,2026-05-26T21:31:24,ACH,
TXN000929,ACC-G0143,ACC-G0196,728.84,2026-05-26T22:10:39,ACH,
TXN000433,ACC-G0184,ACC-G0102,3359.15,2026-05-26T22:20:35,ACH,
TXN000871,ACC-G0166,ACC-G0180,3179.09,2026-05-27T07:10:44,ACH,
TXN000524,ACC-G0048,ACC-G0116,6874.65,2026-05-27T07:17:51,ACH,
TXN000448,ACC-G0091,ACC-G0103,1172.66,2026-05-27T07:34:53,Credit Card,
TXN000358,ACC-G0086,ACC-G0032,4305.81,2026-05-27T09:03:15,ACH,
TXN000325,ACC-G0051,ACC-G0080,420.51,2026-05-27T09:19:46,Credit Card,
TXN000786,ACC-G0108,ACC-G0159,799.55,2026-05-27T09:22:05,Cheque,
TXN000414,ACC-G0082,ACC-G0099,69.84,2026-05-27T09:29:21,Credit Card,
TXN000174,ACC-G0015,ACC-G0032,1332.11,2026-05-27T09:29:22,ACH,
TXN000341,ACC-G0084,ACC-G0156,525.56,2026-05-27T10:03:09,Credit Card,
TXN000599,ACC-G0038,ACC-G0131,127.95,2026-05-27T10:21:44,Wire,
TXN000876,ACC-G0056,ACC-G0180,1077.49,2026-05-27T11:18:12,ACH,
TXN001079,ACC-R009,ACC-R007,91200.0,2026-05-27T11:45:00,ACH,ring-roundtrip
TXN000137,ACC-G0027,ACC-G0196,402.69,2026-05-27T11:52:43,ACH,
TXN000755,ACC-G0193,ACC-G0158,924.84,2026-05-27T12:00:46,Cheque,
TXN000687,ACC-G0076,ACC-G0149,1658.63,2026-05-27T12:18:55,Credit Card,
TXN000984,ACC-G0057,ACC-G0204,883.55,2026-05-27T12:53:39,ACH,
TXN001067,ACC-R002,ACC-R003,93900.0,2026-05-27T14:04:00,ACH,ring-cycle
TXN001068,ACC-R003,ACC-R004,95000.0,2026-05-27T14:08:00,ACH,ring-cycle
TXN001069,ACC-R004,ACC-R005,96100.0,2026-05-27T14:12:00,ACH,ring-cycle
TXN001070,ACC-R005,ACC-R006,97200.0,2026-05-27T14:16:00,ACH,ring-cycle
TXN001071,ACC-R006,ACC-R007,98300.0,2026-05-27T14:20:00,ACH,ring-cycle
TXN001072,ACC-R007,ACC-R008,99400.0,2026-05-27T14:24:00,ACH,ring-cycle
TXN001073,ACC-R008,ACC-R009,100500.0,2026-05-27T14:28:00,ACH,ring-cycle
TXN001074,ACC-R009,ACC-R010,101600.0,2026-05-27T14:32:00,ACH,ring-cycle
TXN001075,ACC-R010,ACC-R011,102700.0,2026-05-27T14:36:00,ACH,ring-cycle
TXN001076,ACC-R011,ACC-R001,103800.0,2026-05-27T14:40:00,ACH,ring-cycle
TXN000565,ACC-G0124,ACC-F006,850.57,2026-05-27T14:55:35,ACH,
TXN000255,ACC-G0059,ACC-G0027,829.14,2026-05-27T15:31:09,Credit Card,
TXN000986,ACC-G0204,ACC-G0057,189.4,2026-05-27T15:37:53,Cheque,
TXN000491,ACC-G0108,ACC-F005,2821.59,2026-05-27T16:06:27,ACH,
TXN000859,ACC-G0178,ACC-G0135,2657.52,2026-05-27T16:08:15,ACH,
TXN000074,ACC-G0034,ACC-G0009,173194.28,2026-05-27T16:33:02,Credit Card,
TXN000442,ACC-G0025,ACC-G0103,1889.52,2026-05-27T16:41:00,ACH,
TXN000974,ACC-G0041,ACC-G0201,1072.83,2026-05-27T16:56:37,Cheque,
TXN000509,ACC-G0127,ACC-G0112,3916.88,2026-05-27T17:16:44,Cheque,
TXN000940,ACC-G0119,ACC-G0196,1231.43,2026-05-27T17:21:18,Cheque,
TXN000202,ACC-G0038,ACC-G0058,854.33,2026-05-27T18:41:54,Credit Card,
TXN000979,ACC-G0202,ACC-G0041,1541.15,2026-05-27T19:03:12,ACH,
TXN000570,ACC-G0124,ACC-G0172,794.17,2026-05-27T20:11:55,ACH,
TXN000853,ACC-G0177,ACC-G0127,1977.78,2026-05-27T20:40:13,Wire,
TXN001090,ACC-T001,ACC-T002,148000.0,2026-05-27T21:10:00,Wire,ato-drain
TXN000016,ACC-F006,ACC-G0200,3487.92,2026-05-27T21:51:18,Credit Card,
TXN000303,ACC-G0075,ACC-G0150,3052.03,2026-05-27T23:01:25,Wire,
TXN000316,ACC-G0080,ACC-G0009,2378.55,2026-05-27T23:11:11,ACH,
TXN000858,ACC-G0163,ACC-G0178,4666.81,2026-05-28T06:26:57,Cheque,
TXN000301,ACC-G0019,ACC-G0074,356.04,2026-05-28T08:10:51,Credit Card,
TXN000379,ACC-G0087,ACC-G0103,1080.62,2026-05-28T08:12:21,Cheque,
TXN000543,ACC-G0074,ACC-G0121,2051.43,2026-05-28T08:18:30,Cheque,
TXN000882,ACC-G0182,ACC-G0167,660.5,2026-05-28T09:13:52,ACH,
TXN000773,ACC-G0158,ACC-G0199,687.16,2026-05-28T09:40:01,ACH,
TXN000028,ACC-G0003,ACC-G0090,1051.59,2026-05-28T09:49:09,Wire,
TXN000054,ACC-G0006,ACC-G0005,1023.44,2026-05-28T10:27:36,Cheque,
TXN000997,ACC-G0207,ACC-G0054,1996.44,2026-05-28T10:32:31,ACH,
TXN000302,ACC-G0075,ACC-G0174,1775.37,2026-05-28T11:05:45,ACH,
TXN000621,ACC-G0082,ACC-G0134,792.42,2026-05-28T12:15:27,Cheque,
TXN000517,ACC-G0114,ACC-G0046,5830.27,2026-05-28T13:02:54,Cheque,
TXN000166,ACC-G0030,ACC-G0142,1000.33,2026-05-28T13:07:43,ACH,
TXN000002,ACC-G0163,ACC-F001,500.29,2026-05-28T13:20:40,Credit Card,
TXN000322,ACC-G0191,ACC-G0080,135.53,2026-05-28T13:23:04,Cheque,
TXN000495,ACC-G0108,ACC-G0180,727.81,2026-05-28T13:36:23,Credit Card,
TXN000962,ACC-G0028,ACC-G0199,4164.37,2026-05-28T13:44:13,Cheque,
TXN000791,ACC-G0184,ACC-G0159,369.75,2026-05-28T14:13:46,Cash,
TXN000136,ACC-G0096,ACC-G0026,441.59,2026-05-28T15:01:38,Cheque,
TXN000762,ACC-G0158,ACC-G0008,247.56,2026-05-28T15:24:57,Credit Card,
TXN000406,ACC-G0095,ACC-G0061,109.9,2026-05-28T15:49:47,Credit Card,
TXN000810,ACC-G0167,ACC-G0205,1672.22,2026-05-28T16:44:14,ACH,
TXN000691,ACC-G0149,ACC-G0150,3220.85,2026-05-28T16:45:32,ACH,
TXN000380,ACC-G0087,ACC-G0197,1747.34,2026-05-28T16:49:05,Cheque,
TXN000851,ACC-G0155,ACC-G0177,21227.46,2026-05-28T17:27:59,Credit Card,
TXN000434,ACC-G0102,ACC-G0007,729.6,2026-05-28T17:55:28,Wire,
TXN000834,ACC-G0174,ACC-G0091,5093.18,2026-05-28T17:56:45,ACH,
TXN000343,ACC-P001,ACC-G0085,350.0,2026-05-28T20:36:56,ACH,
TXN000063,ACC-G0006,ACC-G0140,1518.77,2026-05-28T22:05:39,Credit Card,
TXN000204,ACC-G0107,ACC-G0039,2269.7,2026-05-28T22:57:33,Cash,
TXN000567,ACC-G0172,ACC-G0124,2357.41,2026-05-29T03:54:23,Wire,
TXN000393,ACC-G0129,ACC-G0090,841.32,2026-05-29T07:46:39,ACH,
TXN000771,ACC-G0199,ACC-G0158,337.87,2026-05-29T07:57:56,Cheque,
TXN000462,ACC-G0187,ACC-G0105,5084.86,2026-05-29T09:31:28,Cheque,
TXN000753,ACC-G0158,ACC-G0113,820.32,2026-05-29T10:10:50,Wire,
TXN000581,ACC-G0109,ACC-G0130,5125.63,2026-05-29T10:19:14,ACH,
TXN000768,ACC-G0023,ACC-G0158,1298.66,2026-05-29T10:43:27,ACH,
TXN000384,ACC-G0079,ACC-G0087,508.08,2026-05-29T10:53:33,ACH,
TXN000361,ACC-G0148,ACC-G0086,809.9,2026-05-29T10:53:44,ACH,
TXN000906,ACC-F006,ACC-G0188,320.67,2026-05-29T11:17:36,Credit Card,
TXN000257,ACC-G0059,ACC-G0175,1209.3,2026-05-29T11:31:20,Credit Card,
TXN000695,ACC-G0158,ACC-G0151,962.19,2026-05-29T11:49:00,Cheque,
TXN000877,ACC-G0180,ACC-G0059,6974.23,2026-05-29T11:53:56,Credit Card,
TXN000400,ACC-G0093,ACC-G0030,4583.57,2026-05-29T12:39:17,Cash,
TXN000334,ACC-G0122,ACC-G0083,3223.34,2026-05-29T13:01:27,Cash,
TXN000611,ACC-G0066,ACC-G0134,4152.61,2026-05-29T13:08:27,Reinvestment,
TXN000206,ACC-G0107,ACC-G0039,434.27,2026-05-29T13:42:02,ACH,
TXN000387,ACC-G0088,ACC-G0182,954.85,2026-05-29T13:48:12,ACH,
TXN000948,ACC-G0197,ACC-G0192,310.89,2026-05-29T13:50:39,Credit Card,
TXN000888,ACC-G0184,ACC-F002,505.95,2026-05-29T14:37:11,ACH,
TXN000865,ACC-G0128,ACC-G0179,189.05,2026-05-29T14:53:47,Credit Card,
TXN000118,ACC-G0146,ACC-G0021,912.54,2026-05-29T14:53:59,Credit Card,
TXN000013,ACC-G0194,ACC-F006,2842.8,2026-05-29T15:02:19,Wire,
TXN000458,ACC-G0105,ACC-G0073,773.07,2026-05-29T15:32:09,ACH,
TXN000467,ACC-G0105,ACC-G0185,506.46,2026-05-29T15:46:04,Cash,
TXN000817,ACC-G0169,ACC-G0182,2939.54,2026-05-29T16:00:46,ACH,
TXN000311,ACC-G0078,ACC-G0010,1996.5,2026-05-29T17:15:40,Reinvestment,
TXN000949,ACC-G0192,ACC-G0197,3096.32,2026-05-29T17:41:25,Wire,
TXN000469,ACC-G0135,ACC-G0106,2399.04,2026-05-29T17:46:54,ACH,
TXN000553,ACC-G0123,ACC-G0009,1225.58,2026-05-29T18:52:24,Wire,
TXN000825,ACC-G0052,ACC-G0171,806.82,2026-05-29T22:04:23,Bitcoin,
TXN000145,ACC-G0027,ACC-G0144,334.0,2026-05-29T22:52:22,Cash,
TXN000661,ACC-G0141,ACC-G0178,721.19,2026-05-30T06:54:38,Wire,
TXN000739,ACC-G0157,ACC-G0084,251.46,2026-05-30T07:41:37,Cash,
TXN000612,ACC-G0066,ACC-G0134,6228.85,2026-05-30T08:04:35,Cheque,
TXN000438,ACC-G0103,ACC-G0184,3680.16,2026-05-30T10:03:49,Cash,
TXN000275,ACC-G0148,ACC-G0064,34631.04,2026-05-30T10:24:55,Wire,
TXN000905,ACC-G0017,ACC-G0188,3150.67,2026-05-30T10:43:38,ACH,
TXN000578,ACC-G0166,ACC-G0129,264.69,2026-05-30T11:20:35,Reinvestment,
TXN000889,ACC-F002,ACC-G0184,2392.92,2026-05-30T11:29:08,ACH,
TXN000281,ACC-G0175,ACC-G0066,1288.75,2026-05-30T12:29:39,Credit Card,
TXN000485,ACC-G0149,ACC-G0108,2877.4,2026-05-30T12:37:04,ACH,
TXN000039,ACC-G0011,ACC-G0003,760.55,2026-05-30T13:05:53,ACH,
TXN000170,ACC-G0031,ACC-G0139,1027.2,2026-05-30T13:18:26,ACH,
TXN000141,ACC-G0194,ACC-G0027,919.14,2026-05-30T13:34:22,Credit Card,
TXN000659,ACC-G0140,ACC-G0113,99.0,2026-05-30T13:55:33,ACH,
TXN000165,ACC-G0189,ACC-G0029,414.54,2026-05-30T14:03:53,Cheque,
TXN000756,ACC-G0158,ACC-G0155,574.17,2026-05-30T14:09:58,Credit Card,
TXN000999,ACC-G0121,ACC-G0207,1193.7,2026-05-30T14:14:56,Cheque,
TXN000106,ACC-G0151,ACC-G0017,3279.51,2026-05-30T14:16:49,ACH,
TXN000697,ACC-G0151,ACC-G0158,1736.21,2026-05-30T14:19:46,Wire,
TXN000320,ACC-G0080,ACC-G0191,4207.04,2026-05-30T14:51:08,Cheque,
TXN000403,ACC-G0118,ACC-G0094,1637.08,2026-05-30T14:51:36,Credit Card,
TXN000443,ACC-G0103,ACC-G0025,1339.35,2026-05-30T15:02:43,Cash,
TXN000243,ACC-G0053,ACC-G0204,292.1,2026-05-30T15:11:35,ACH,
TXN000154,ACC-G0027,ACC-G0054,10095.51,2026-05-30T16:55:59,ACH,
TXN000298,ACC-G0144,ACC-G0074,3129.46,2026-05-30T17:44:53,Credit Card,
TXN000261,ACC-G0097,ACC-G0060,1350.16,2026-05-30T18:28:29,ACH,
TXN000702,ACC-G0153,ACC-G0041,2112.09,2026-05-30T18:53:31,Credit Card,
TXN000572,ACC-G0126,ACC-G0060,856.8,2026-05-30T20:41:31,Cash,
TXN000802,ACC-G0163,ACC-G0061,1022.22,2026-05-30T21:03:18,ACH,
TXN000620,ACC-G0082,ACC-G0134,1237.41,2026-05-30T21:28:55,Credit Card,
TXN000235,ACC-G0050,ACC-G0108,5973.76,2026-05-30T22:15:33,ACH,
